episode,step_no,sku_id,action_id,action_name,epsilon,total_cost,raw_reward,reward,simulation_status,terminated,episode_total_reward,episode_total_cost
1,1,SKU_A,3,order_2w_cover,1.0,999999.0,-999999.0,-999.999,SKIPPED_GATE_FAIL,False,-1000.8235186331807,1000823.5186331805
1,2,SKU_B,2,order_1w_cover,1.0,665.6289693447147,-665.6289693447147,-0.6656289693447147,SIMULATED,False,-1000.8235186331807,1000823.5186331805
1,3,SKU_C,1,order_moq,1.0,158.88966383592893,-158.88966383592893,-0.15888966383592892,SIMULATED,True,-1000.8235186331807,1000823.5186331805
2,1,SKU_A,0,hold,0.9952261306532664,1255.1819652675183,-1255.1819652675183,-1.2551819652675182,SIMULATED,False,-2.1164290911576003,2116.4290911576004
2,2,SKU_B,4,expedite,0.9952261306532664,665.6289693447147,-665.6289693447147,-0.6656289693447147,SIMULATED,False,-2.1164290911576003,2116.4290911576004
2,3,SKU_C,4,expedite,0.9952261306532664,195.61815654536724,-195.61815654536724,-0.19561815654536724,SIMULATED,True,-2.1164290911576003,2116.4290911576004
3,1,SKU_A,3,order_2w_cover,0.9904522613065326,999999.0,-999999.0,-999.999,SKIPPED_GATE_FAIL,False,-1000.8602471258902,1000860.24712589
3,2,SKU_B,2,order_1w_cover,0.9904522613065326,665.6289693447147,-665.6289693447147,-0.6656289693447147,SIMULATED,False,-1000.8602471258902,1000860.24712589
3,3,SKU_C,2,order_1w_cover,0.9904522613065326,195.61815654536724,-195.61815654536724,-0.19561815654536724,SIMULATED,True,-1000.8602471258902,1000860.24712589
4,1,SKU_A,4,expedite,0.985678391959799,1255.1819652675183,-1255.1819652675183,-1.2551819652675182,SIMULATED,False,-2.1164290911576003,2116.4290911576004
4,2,SKU_B,0,hold,0.985678391959799,665.6289693447147,-665.6289693447147,-0.6656289693447147,SIMULATED,False,-2.1164290911576003,2116.4290911576004
4,3,SKU_C,3,order_2w_cover,0.985678391959799,195.61815654536724,-195.61815654536724,-0.19561815654536724,SIMULATED,True,-2.1164290911576003,2116.4290911576004
5,1,SKU_A,1,order_moq,0.9809045226130654,1106.7179652675184,-1106.7179652675184,-1.1067179652675183,SIMULATED,False,-1001.3013361218129,1001301.3361218128
5,2,SKU_B,3,order_2w_cover,0.9809045226130654,999999.0,-999999.0,-999.999,SKIPPED_GATE_FAIL,False,-1001.3013361218129,1001301.3361218128
5,3,SKU_C,0,hold,0.9809045226130654,195.61815654536724,-195.61815654536724,-0.19561815654536724,SIMULATED,True,-1001.3013361218129,1001301.3361218128
6,1,SKU_A,5,reduce_review,0.9761306532663316,1255.1819652675183,-1255.1819652675183,-1.2551819652675182,SIMULATED,False,-2.0797005984481616,2079.700598448162
6,2,SKU_B,4,expedite,0.9761306532663316,665.6289693447147,-665.6289693447147,-0.6656289693447147,SIMULATED,False,-2.0797005984481616,2079.700598448162
6,3,SKU_C,1,order_moq,0.9761306532663316,158.88966383592893,-158.88966383592893,-0.15888966383592892,SIMULATED,True,-2.0797005984481616,2079.700598448162
7,1,SKU_A,3,order_2w_cover,0.971356783919598,999999.0,-999999.0,-999.999,SKIPPED_GATE_FAIL,False,-1000.8602471258902,1000860.24712589
7,2,SKU_B,0,hold,0.971356783919598,665.6289693447147,-665.6289693447147,-0.6656289693447147,SIMULATED,False,-1000.8602471258902,1000860.24712589
7,3,SKU_C,2,order_1w_cover,0.971356783919598,195.61815654536724,-195.61815654536724,-0.19561815654536724,SIMULATED,True,-1000.8602471258902,1000860.24712589
8,1,SKU_A,5,reduce_review,0.9665829145728644,1255.1819652675183,-1255.1819652675183,-1.2551819652675182,SIMULATED,False,-2.1164290911576003,2116.4290911576004
8,2,SKU_B,0,hold,0.9665829145728644,665.6289693447147,-665.6289693447147,-0.6656289693447147,SIMULATED,False,-2.1164290911576003,2116.4290911576004
8,3,SKU_C,2,order_1w_cover,0.9665829145728644,195.61815654536724,-195.61815654536724,-0.19561815654536724,SIMULATED,True,-2.1164290911576003,2116.4290911576004
9,1,SKU_A,4,expedite,0.9618090452261306,1255.1819652675183,-1255.1819652675183,-1.2551819652675182,SIMULATED,False,-2.1164290911576003,2116.4290911576004
9,2,SKU_B,2,order_1w_cover,0.9618090452261306,665.6289693447147,-665.6289693447147,-0.6656289693447147,SIMULATED,False,-2.1164290911576003,2116.4290911576004
9,3,SKU_C,5,reduce_review,0.9618090452261306,195.61815654536724,-195.61815654536724,-0.19561815654536724,SIMULATED,True,-2.1164290911576003,2116.4290911576004
10,1,SKU_A,2,order_1w_cover,0.957035175879397,1255.1819652675183,-1255.1819652675183,-1.2551819652675182,SIMULATED,False,-2.0797005984481616,2079.700598448162
10,2,SKU_B,0,hold,0.957035175879397,665.6289693447147,-665.6289693447147,-0.6656289693447147,SIMULATED,False,-2.0797005984481616,2079.700598448162
10,3,SKU_C,1,order_moq,0.957035175879397,158.88966383592893,-158.88966383592893,-0.15888966383592892,SIMULATED,True,-2.0797005984481616,2079.700598448162
11,1,SKU_A,5,reduce_review,0.9522613065326633,1255.1819652675183,-1255.1819652675183,-1.2551819652675182,SIMULATED,False,-2.1164290911576003,2116.4290911576004
11,2,SKU_B,2,order_1w_cover,0.9522613065326633,665.6289693447147,-665.6289693447147,-0.6656289693447147,SIMULATED,False,-2.1164290911576003,2116.4290911576004
11,3,SKU_C,3,order_2w_cover,0.9522613065326633,195.61815654536724,-195.61815654536724,-0.19561815654536724,SIMULATED,True,-2.1164290911576003,2116.4290911576004
12,1,SKU_A,0,hold,0.9474874371859296,1255.1819652675183,-1255.1819652675183,-1.2551819652675182,SIMULATED,False,-2.1164290911576003,2116.4290911576004
12,2,SKU_B,4,expedite,0.9474874371859296,665.6289693447147,-665.6289693447147,-0.6656289693447147,SIMULATED,False,-2.1164290911576003,2116.4290911576004
12,3,SKU_C,4,expedite,0.9474874371859296,195.61815654536724,-195.61815654536724,-0.19561815654536724,SIMULATED,True,-2.1164290911576003,2116.4290911576004
13,1,SKU_A,1,order_moq,0.942713567839196,1106.7179652675184,-1106.7179652675184,-1.1067179652675183,SIMULATED,False,-1.9679650911576003,1967.9650911576005
13,2,SKU_B,4,expedite,0.942713567839196,665.6289693447147,-665.6289693447147,-0.6656289693447147,SIMULATED,False,-1.9679650911576003,1967.9650911576005
13,3,SKU_C,0,hold,0.942713567839196,195.61815654536724,-195.61815654536724,-0.19561815654536724,SIMULATED,True,-1.9679650911576003,1967.9650911576005
14,1,SKU_A,0,hold,0.9379396984924623,1255.1819652675183,-1255.1819652675183,-1.2551819652675182,SIMULATED,False,-1001.4498001218129,1001449.8001218128
14,2,SKU_B,3,order_2w_cover,0.9379396984924623,999999.0,-999999.0,-999.999,SKIPPED_GATE_FAIL,False,-1001.4498001218129,1001449.8001218128
14,3,SKU_C,2,order_1w_cover,0.9379396984924623,195.61815654536724,-195.61815654536724,-0.19561815654536724,SIMULATED,True,-1001.4498001218129,1001449.8001218128
15,1,SKU_A,3,order_2w_cover,0.9331658291457287,999999.0,-999999.0,-999.999,SKIPPED_GATE_FAIL,False,-2000.1936181565454,2000193.6181565453
15,2,SKU_B,3,order_2w_cover,0.9331658291457287,999999.0,-999999.0,-999.999,SKIPPED_GATE_FAIL,False,-2000.1936181565454,2000193.6181565453
15,3,SKU_C,4,expedite,0.9331658291457287,195.61815654536724,-195.61815654536724,-0.19561815654536724,SIMULATED,True,-2000.1936181565454,2000193.6181565453
16,1,SKU_A,1,order_moq,0.928391959798995,1106.7179652675184,-1106.7179652675184,-1.1067179652675183,SIMULATED,False,-1.931236598448162,1931.236598448162
16,2,SKU_B,5,reduce_review,0.928391959798995,665.6289693447147,-665.6289693447147,-0.6656289693447147,SIMULATED,False,-1.931236598448162,1931.236598448162
16,3,SKU_C,1,order_moq,0.928391959798995,158.88966383592893,-158.88966383592893,-0.15888966383592892,SIMULATED,True,-1.931236598448162,1931.236598448162
17,1,SKU_A,0,hold,0.9236180904522613,1255.1819652675183,-1255.1819652675183,-1.2551819652675182,SIMULATED,False,-1.9082857839667542,1908.285783966754
17,2,SKU_B,1,order_moq,0.9236180904522613,457.4856621538687,-457.4856621538687,-0.4574856621538687,SIMULATED,False,-1.9082857839667542,1908.285783966754
17,3,SKU_C,5,reduce_review,0.9236180904522613,195.61815654536724,-195.61815654536724,-0.19561815654536724,SIMULATED,True,-1.9082857839667542,1908.285783966754
18,1,SKU_A,1,order_moq,0.9188442211055277,1106.7179652675184,-1106.7179652675184,-1.1067179652675183,SIMULATED,False,-1001.3013361218129,1001301.3361218128
18,2,SKU_B,3,order_2w_cover,0.9188442211055277,999999.0,-999999.0,-999.999,SKIPPED_GATE_FAIL,False,-1001.3013361218129,1001301.3361218128
18,3,SKU_C,4,expedite,0.9188442211055277,195.61815654536724,-195.61815654536724,-0.19561815654536724,SIMULATED,True,-1001.3013361218129,1001301.3361218128
19,1,SKU_A,2,order_1w_cover,0.914070351758794,1255.1819652675183,-1255.1819652675183,-1.2551819652675182,SIMULATED,False,-2.1164290911576003,2116.4290911576004
19,2,SKU_B,4,expedite,0.914070351758794,665.6289693447147,-665.6289693447147,-0.6656289693447147,SIMULATED,False,-2.1164290911576003,2116.4290911576004
19,3,SKU_C,0,hold,0.914070351758794,195.61815654536724,-195.61815654536724,-0.19561815654536724,SIMULATED,True,-2.1164290911576003,2116.4290911576004
20,1,SKU_A,0,hold,0.9092964824120603,1255.1819652675183,-1255.1819652675183,-1.2551819652675182,SIMULATED,False,-2.1164290911576003,2116.4290911576004
20,2,SKU_B,4,expedite,0.9092964824120603,665.6289693447147,-665.6289693447147,-0.6656289693447147,SIMULATED,False,-2.1164290911576003,2116.4290911576004
20,3,SKU_C,0,hold,0.9092964824120603,195.61815654536724,-195.61815654536724,-0.19561815654536724,SIMULATED,True,-2.1164290911576003,2116.4290911576004
21,1,SKU_A,2,order_1w_cover,0.9045226130653267,1255.1819652675183,-1255.1819652675183,-1.2551819652675182,SIMULATED,False,-2.0797005984481616,2079.700598448162
21,2,SKU_B,4,expedite,0.9045226130653267,665.6289693447147,-665.6289693447147,-0.6656289693447147,SIMULATED,False,-2.0797005984481616,2079.700598448162
21,3,SKU_C,1,order_moq,0.9045226130653267,158.88966383592893,-158.88966383592893,-0.15888966383592892,SIMULATED,True,-2.0797005984481616,2079.700598448162
22,1,SKU_A,1,order_moq,0.8997487437185929,1106.7179652675184,-1106.7179652675184,-1.1067179652675183,SIMULATED,False,-1.9679650911576003,1967.9650911576005
22,2,SKU_B,5,reduce_review,0.8997487437185929,665.6289693447147,-665.6289693447147,-0.6656289693447147,SIMULATED,False,-1.9679650911576003,1967.9650911576005
22,3,SKU_C,0,hold,0.8997487437185929,195.61815654536724,-195.61815654536724,-0.19561815654536724,SIMULATED,True,-1.9679650911576003,1967.9650911576005
23,1,SKU_A,4,expedite,0.8949748743718593,1255.1819652675183,-1255.1819652675183,-1.2551819652675182,SIMULATED,False,-1.9082857839667542,1908.285783966754
23,2,SKU_B,1,order_moq,0.8949748743718593,457.4856621538687,-457.4856621538687,-0.4574856621538687,SIMULATED,False,-1.9082857839667542,1908.285783966754
23,3,SKU_C,2,order_1w_cover,0.8949748743718593,195.61815654536724,-195.61815654536724,-0.19561815654536724,SIMULATED,True,-1.9082857839667542,1908.285783966754
24,1,SKU_A,2,order_1w_cover,0.8902010050251257,1255.1819652675183,-1255.1819652675183,-1.2551819652675182,SIMULATED,False,-1.9082857839667542,1908.285783966754
24,2,SKU_B,1,order_moq,0.8902010050251257,457.4856621538687,-457.4856621538687,-0.4574856621538687,SIMULATED,False,-1.9082857839667542,1908.285783966754
24,3,SKU_C,4,expedite,0.8902010050251257,195.61815654536724,-195.61815654536724,-0.19561815654536724,SIMULATED,True,-1.9082857839667542,1908.285783966754
25,1,SKU_A,2,order_1w_cover,0.8854271356783919,1255.1819652675183,-1255.1819652675183,-1.2551819652675182,SIMULATED,False,-2.1164290911576003,2116.4290911576004
25,2,SKU_B,2,order_1w_cover,0.8854271356783919,665.6289693447147,-665.6289693447147,-0.6656289693447147,SIMULATED,False,-2.1164290911576003,2116.4290911576004
25,3,SKU_C,5,reduce_review,0.8854271356783919,195.61815654536724,-195.61815654536724,-0.19561815654536724,SIMULATED,True,-2.1164290911576003,2116.4290911576004
26,1,SKU_A,4,expedite,0.8806532663316583,1255.1819652675183,-1255.1819652675183,-1.2551819652675182,SIMULATED,False,-1.9082857839667542,1908.285783966754
26,2,SKU_B,1,order_moq,0.8806532663316583,457.4856621538687,-457.4856621538687,-0.4574856621538687,SIMULATED,False,-1.9082857839667542,1908.285783966754
26,3,SKU_C,2,order_1w_cover,0.8806532663316583,195.61815654536724,-195.61815654536724,-0.19561815654536724,SIMULATED,True,-1.9082857839667542,1908.285783966754
27,1,SKU_A,5,reduce_review,0.8758793969849246,1255.1819652675183,-1255.1819652675183,-1.2551819652675182,SIMULATED,False,-1001.4498001218129,1001449.8001218128
27,2,SKU_B,3,order_2w_cover,0.8758793969849246,999999.0,-999999.0,-999.999,SKIPPED_GATE_FAIL,False,-1001.4498001218129,1001449.8001218128
27,3,SKU_C,2,order_1w_cover,0.8758793969849246,195.61815654536724,-195.61815654536724,-0.19561815654536724,SIMULATED,True,-1001.4498001218129,1001449.8001218128
28,1,SKU_A,0,hold,0.8711055276381909,1255.1819652675183,-1255.1819652675183,-1.2551819652675182,SIMULATED,False,-1001.4498001218129,1001449.8001218128
28,2,SKU_B,3,order_2w_cover,0.8711055276381909,999999.0,-999999.0,-999.999,SKIPPED_GATE_FAIL,False,-1001.4498001218129,1001449.8001218128
28,3,SKU_C,4,expedite,0.8711055276381909,195.61815654536724,-195.61815654536724,-0.19561815654536724,SIMULATED,True,-1001.4498001218129,1001449.8001218128
29,1,SKU_A,0,hold,0.8663316582914573,1255.1819652675183,-1255.1819652675183,-1.2551819652675182,SIMULATED,False,-1001.4498001218129,1001449.8001218128
29,2,SKU_B,3,order_2w_cover,0.8663316582914573,999999.0,-999999.0,-999.999,SKIPPED_GATE_FAIL,False,-1001.4498001218129,1001449.8001218128
29,3,SKU_C,0,hold,0.8663316582914573,195.61815654536724,-195.61815654536724,-0.19561815654536724,SIMULATED,True,-1001.4498001218129,1001449.8001218128
30,1,SKU_A,4,expedite,0.8615577889447237,1255.1819652675183,-1255.1819652675183,-1.2551819652675182,SIMULATED,False,-2.0797005984481616,2079.700598448162
30,2,SKU_B,5,reduce_review,0.8615577889447237,665.6289693447147,-665.6289693447147,-0.6656289693447147,SIMULATED,False,-2.0797005984481616,2079.700598448162
30,3,SKU_C,1,order_moq,0.8615577889447237,158.88966383592893,-158.88966383592893,-0.15888966383592892,SIMULATED,True,-2.0797005984481616,2079.700598448162
31,1,SKU_A,3,order_2w_cover,0.8567839195979899,999999.0,-999999.0,-999.999,SKIPPED_GATE_FAIL,False,-2000.1936181565454,2000193.6181565453
31,2,SKU_B,3,order_2w_cover,0.8567839195979899,999999.0,-999999.0,-999.999,SKIPPED_GATE_FAIL,False,-2000.1936181565454,2000193.6181565453
31,3,SKU_C,3,order_2w_cover,0.8567839195979899,195.61815654536724,-195.61815654536724,-0.19561815654536724,SIMULATED,True,-2000.1936181565454,2000193.6181565453
32,1,SKU_A,2,order_1w_cover,0.8520100502512563,1255.1819652675183,-1255.1819652675183,-1.2551819652675182,SIMULATED,False,-2.1164290911576003,2116.4290911576004
32,2,SKU_B,4,expedite,0.8520100502512563,665.6289693447147,-665.6289693447147,-0.6656289693447147,SIMULATED,False,-2.1164290911576003,2116.4290911576004
32,3,SKU_C,4,expedite,0.8520100502512563,195.61815654536724,-195.61815654536724,-0.19561815654536724,SIMULATED,True,-2.1164290911576003,2116.4290911576004
33,1,SKU_A,5,reduce_review,0.8472361809045226,1255.1819652675183,-1255.1819652675183,-1.2551819652675182,SIMULATED,False,-2.1164290911576003,2116.4290911576004
33,2,SKU_B,2,order_1w_cover,0.8472361809045226,665.6289693447147,-665.6289693447147,-0.6656289693447147,SIMULATED,False,-2.1164290911576003,2116.4290911576004
33,3,SKU_C,4,expedite,0.8472361809045226,195.61815654536724,-195.61815654536724,-0.19561815654536724,SIMULATED,True,-2.1164290911576003,2116.4290911576004
34,1,SKU_A,1,order_moq,0.842462311557789,1106.7179652675184,-1106.7179652675184,-1.1067179652675183,SIMULATED,False,-1.9679650911576003,1967.9650911576005
34,2,SKU_B,5,reduce_review,0.842462311557789,665.6289693447147,-665.6289693447147,-0.6656289693447147,SIMULATED,False,-1.9679650911576003,1967.9650911576005
34,3,SKU_C,2,order_1w_cover,0.842462311557789,195.61815654536724,-195.61815654536724,-0.19561815654536724,SIMULATED,True,-1.9679650911576003,1967.9650911576005
35,1,SKU_A,0,hold,0.8376884422110553,1255.1819652675183,-1255.1819652675183,-1.2551819652675182,SIMULATED,False,-2.0797005984481616,2079.700598448162
35,2,SKU_B,5,reduce_review,0.8376884422110553,665.6289693447147,-665.6289693447147,-0.6656289693447147,SIMULATED,False,-2.0797005984481616,2079.700598448162
35,3,SKU_C,1,order_moq,0.8376884422110553,158.88966383592893,-158.88966383592893,-0.15888966383592892,SIMULATED,True,-2.0797005984481616,2079.700598448162
36,1,SKU_A,0,hold,0.8329145728643216,1255.1819652675183,-1255.1819652675183,-1.2551819652675182,SIMULATED,False,-1.9082857839667542,1908.285783966754
36,2,SKU_B,1,order_moq,0.8329145728643216,457.4856621538687,-457.4856621538687,-0.4574856621538687,SIMULATED,False,-1.9082857839667542,1908.285783966754
36,3,SKU_C,3,order_2w_cover,0.8329145728643216,195.61815654536724,-195.61815654536724,-0.19561815654536724,SIMULATED,True,-1.9082857839667542,1908.285783966754
37,1,SKU_A,1,order_moq,0.828140703517588,1106.7179652675184,-1106.7179652675184,-1.1067179652675183,SIMULATED,False,-1.7598217839667543,1759.821783966754
37,2,SKU_B,1,order_moq,0.828140703517588,457.4856621538687,-457.4856621538687,-0.4574856621538687,SIMULATED,False,-1.7598217839667543,1759.821783966754
37,3,SKU_C,0,hold,0.828140703517588,195.61815654536724,-195.61815654536724,-0.19561815654536724,SIMULATED,True,-1.7598217839667543,1759.821783966754
38,1,SKU_A,0,hold,0.8233668341708542,1255.1819652675183,-1255.1819652675183,-1.2551819652675182,SIMULATED,False,-1001.4498001218129,1001449.8001218128
38,2,SKU_B,3,order_2w_cover,0.8233668341708542,999999.0,-999999.0,-999.999,SKIPPED_GATE_FAIL,False,-1001.4498001218129,1001449.8001218128
38,3,SKU_C,5,reduce_review,0.8233668341708542,195.61815654536724,-195.61815654536724,-0.19561815654536724,SIMULATED,True,-1001.4498001218129,1001449.8001218128
39,1,SKU_A,5,reduce_review,0.8185929648241206,1255.1819652675183,-1255.1819652675183,-1.2551819652675182,SIMULATED,False,-1.871557291257316,1871.557291257316
39,2,SKU_B,1,order_moq,0.8185929648241206,457.4856621538687,-457.4856621538687,-0.4574856621538687,SIMULATED,False,-1.871557291257316,1871.557291257316
39,3,SKU_C,1,order_moq,0.8185929648241206,158.88966383592893,-158.88966383592893,-0.15888966383592892,SIMULATED,True,-1.871557291257316,1871.557291257316
40,1,SKU_A,5,reduce_review,0.813819095477387,1255.1819652675183,-1255.1819652675183,-1.2551819652675182,SIMULATED,False,-2.0797005984481616,2079.700598448162
40,2,SKU_B,0,hold,0.813819095477387,665.6289693447147,-665.6289693447147,-0.6656289693447147,SIMULATED,False,-2.0797005984481616,2079.700598448162
40,3,SKU_C,1,order_moq,0.813819095477387,158.88966383592893,-158.88966383592893,-0.15888966383592892,SIMULATED,True,-2.0797005984481616,2079.700598448162
41,1,SKU_A,1,order_moq,0.8090452261306533,1106.7179652675184,-1106.7179652675184,-1.1067179652675183,SIMULATED,False,-1.7598217839667543,1759.821783966754
41,2,SKU_B,1,order_moq,0.8090452261306533,457.4856621538687,-457.4856621538687,-0.4574856621538687,SIMULATED,False,-1.7598217839667543,1759.821783966754
41,3,SKU_C,3,order_2w_cover,0.8090452261306533,195.61815654536724,-195.61815654536724,-0.19561815654536724,SIMULATED,True,-1.7598217839667543,1759.821783966754
42,1,SKU_A,2,order_1w_cover,0.8042713567839196,1255.1819652675183,-1255.1819652675183,-1.2551819652675182,SIMULATED,False,-1.9082857839667542,1908.285783966754
42,2,SKU_B,1,order_moq,0.8042713567839196,457.4856621538687,-457.4856621538687,-0.4574856621538687,SIMULATED,False,-1.9082857839667542,1908.285783966754
42,3,SKU_C,5,reduce_review,0.8042713567839196,195.61815654536724,-195.61815654536724,-0.19561815654536724,SIMULATED,True,-1.9082857839667542,1908.285783966754
43,1,SKU_A,2,order_1w_cover,0.799497487437186,1255.1819652675183,-1255.1819652675183,-1.2551819652675182,SIMULATED,False,-1.9082857839667542,1908.285783966754
43,2,SKU_B,1,order_moq,0.799497487437186,457.4856621538687,-457.4856621538687,-0.4574856621538687,SIMULATED,False,-1.9082857839667542,1908.285783966754
43,3,SKU_C,2,order_1w_cover,0.799497487437186,195.61815654536724,-195.61815654536724,-0.19561815654536724,SIMULATED,True,-1.9082857839667542,1908.285783966754
44,1,SKU_A,2,order_1w_cover,0.7947236180904522,1255.1819652675183,-1255.1819652675183,-1.2551819652675182,SIMULATED,False,-2.1164290911576003,2116.4290911576004
44,2,SKU_B,2,order_1w_cover,0.7947236180904522,665.6289693447147,-665.6289693447147,-0.6656289693447147,SIMULATED,False,-2.1164290911576003,2116.4290911576004
44,3,SKU_C,3,order_2w_cover,0.7947236180904522,195.61815654536724,-195.61815654536724,-0.19561815654536724,SIMULATED,True,-2.1164290911576003,2116.4290911576004
45,1,SKU_A,1,order_moq,0.7899497487437186,1106.7179652675184,-1106.7179652675184,-1.1067179652675183,SIMULATED,False,-1.9679650911576003,1967.9650911576005
45,2,SKU_B,0,hold,0.7899497487437186,665.6289693447147,-665.6289693447147,-0.6656289693447147,SIMULATED,False,-1.9679650911576003,1967.9650911576005
45,3,SKU_C,4,expedite,0.7899497487437186,195.61815654536724,-195.61815654536724,-0.19561815654536724,SIMULATED,True,-1.9679650911576003,1967.9650911576005
46,1,SKU_A,2,order_1w_cover,0.785175879396985,1255.1819652675183,-1255.1819652675183,-1.2551819652675182,SIMULATED,False,-2.1164290911576003,2116.4290911576004
46,2,SKU_B,5,reduce_review,0.785175879396985,665.6289693447147,-665.6289693447147,-0.6656289693447147,SIMULATED,False,-2.1164290911576003,2116.4290911576004
46,3,SKU_C,3,order_2w_cover,0.785175879396985,195.61815654536724,-195.61815654536724,-0.19561815654536724,SIMULATED,True,-2.1164290911576003,2116.4290911576004
47,1,SKU_A,5,reduce_review,0.7804020100502512,1255.1819652675183,-1255.1819652675183,-1.2551819652675182,SIMULATED,False,-1.9082857839667542,1908.285783966754
47,2,SKU_B,1,order_moq,0.7804020100502512,457.4856621538687,-457.4856621538687,-0.4574856621538687,SIMULATED,False,-1.9082857839667542,1908.285783966754
47,3,SKU_C,4,expedite,0.7804020100502512,195.61815654536724,-195.61815654536724,-0.19561815654536724,SIMULATED,True,-1.9082857839667542,1908.285783966754
48,1,SKU_A,5,reduce_review,0.7756281407035176,1255.1819652675183,-1255.1819652675183,-1.2551819652675182,SIMULATED,False,-2.1164290911576003,2116.4290911576004
48,2,SKU_B,0,hold,0.7756281407035176,665.6289693447147,-665.6289693447147,-0.6656289693447147,SIMULATED,False,-2.1164290911576003,2116.4290911576004
48,3,SKU_C,0,hold,0.7756281407035176,195.61815654536724,-195.61815654536724,-0.19561815654536724,SIMULATED,True,-2.1164290911576003,2116.4290911576004
49,1,SKU_A,4,expedite,0.770854271356784,1255.1819652675183,-1255.1819652675183,-1.2551819652675182,SIMULATED,False,-2.1164290911576003,2116.4290911576004
49,2,SKU_B,5,reduce_review,0.770854271356784,665.6289693447147,-665.6289693447147,-0.6656289693447147,SIMULATED,False,-2.1164290911576003,2116.4290911576004
49,3,SKU_C,4,expedite,0.770854271356784,195.61815654536724,-195.61815654536724,-0.19561815654536724,SIMULATED,True,-2.1164290911576003,2116.4290911576004
50,1,SKU_A,5,reduce_review,0.7660804020100502,1255.1819652675183,-1255.1819652675183,-1.2551819652675182,SIMULATED,False,-2.1164290911576003,2116.4290911576004
50,2,SKU_B,4,expedite,0.7660804020100502,665.6289693447147,-665.6289693447147,-0.6656289693447147,SIMULATED,False,-2.1164290911576003,2116.4290911576004
50,3,SKU_C,4,expedite,0.7660804020100502,195.61815654536724,-195.61815654536724,-0.19561815654536724,SIMULATED,True,-2.1164290911576003,2116.4290911576004
51,1,SKU_A,0,hold,0.7613065326633166,1255.1819652675183,-1255.1819652675183,-1.2551819652675182,SIMULATED,False,-1.9082857839667542,1908.285783966754
51,2,SKU_B,1,order_moq,0.7613065326633166,457.4856621538687,-457.4856621538687,-0.4574856621538687,SIMULATED,False,-1.9082857839667542,1908.285783966754
51,3,SKU_C,5,reduce_review,0.7613065326633166,195.61815654536724,-195.61815654536724,-0.19561815654536724,SIMULATED,True,-1.9082857839667542,1908.285783966754
52,1,SKU_A,1,order_moq,0.756532663316583,1106.7179652675184,-1106.7179652675184,-1.1067179652675183,SIMULATED,False,-1.7598217839667543,1759.821783966754
52,2,SKU_B,1,order_moq,0.756532663316583,457.4856621538687,-457.4856621538687,-0.4574856621538687,SIMULATED,False,-1.7598217839667543,1759.821783966754
52,3,SKU_C,5,reduce_review,0.756532663316583,195.61815654536724,-195.61815654536724,-0.19561815654536724,SIMULATED,True,-1.7598217839667543,1759.821783966754
53,1,SKU_A,4,expedite,0.7517587939698492,1255.1819652675183,-1255.1819652675183,-1.2551819652675182,SIMULATED,False,-1001.4498001218129,1001449.8001218128
53,2,SKU_B,3,order_2w_cover,0.7517587939698492,999999.0,-999999.0,-999.999,SKIPPED_GATE_FAIL,False,-1001.4498001218129,1001449.8001218128
53,3,SKU_C,3,order_2w_cover,0.7517587939698492,195.61815654536724,-195.61815654536724,-0.19561815654536724,SIMULATED,True,-1001.4498001218129,1001449.8001218128
54,1,SKU_A,4,expedite,0.7469849246231156,1255.1819652675183,-1255.1819652675183,-1.2551819652675182,SIMULATED,False,-2.0797005984481616,2079.700598448162
54,2,SKU_B,0,hold,0.7469849246231156,665.6289693447147,-665.6289693447147,-0.6656289693447147,SIMULATED,False,-2.0797005984481616,2079.700598448162
54,3,SKU_C,1,order_moq,0.7469849246231156,158.88966383592893,-158.88966383592893,-0.15888966383592892,SIMULATED,True,-2.0797005984481616,2079.700598448162
55,1,SKU_A,1,order_moq,0.7422110552763819,1106.7179652675184,-1106.7179652675184,-1.1067179652675183,SIMULATED,False,-1.7598217839667543,1759.821783966754
55,2,SKU_B,1,order_moq,0.7422110552763819,457.4856621538687,-457.4856621538687,-0.4574856621538687,SIMULATED,False,-1.7598217839667543,1759.821783966754
55,3,SKU_C,5,reduce_review,0.7422110552763819,195.61815654536724,-195.61815654536724,-0.19561815654536724,SIMULATED,True,-1.7598217839667543,1759.821783966754
56,1,SKU_A,4,expedite,0.7374371859296482,1255.1819652675183,-1255.1819652675183,-1.2551819652675182,SIMULATED,False,-1001.4130716291035,1001413.0716291034
56,2,SKU_B,3,order_2w_cover,0.7374371859296482,999999.0,-999999.0,-999.999,SKIPPED_GATE_FAIL,False,-1001.4130716291035,1001413.0716291034
56,3,SKU_C,1,order_moq,0.7374371859296482,158.88966383592893,-158.88966383592893,-0.15888966383592892,SIMULATED,True,-1001.4130716291035,1001413.0716291034
57,1,SKU_A,1,order_moq,0.7326633165829146,1106.7179652675184,-1106.7179652675184,-1.1067179652675183,SIMULATED,False,-1.9679650911576003,1967.9650911576005
57,2,SKU_B,0,hold,0.7326633165829146,665.6289693447147,-665.6289693447147,-0.6656289693447147,SIMULATED,False,-1.9679650911576003,1967.9650911576005
57,3,SKU_C,4,expedite,0.7326633165829146,195.61815654536724,-195.61815654536724,-0.19561815654536724,SIMULATED,True,-1.9679650911576003,1967.9650911576005
58,1,SKU_A,4,expedite,0.7278894472361809,1255.1819652675183,-1255.1819652675183,-1.2551819652675182,SIMULATED,False,-1001.4498001218129,1001449.8001218128
58,2,SKU_B,3,order_2w_cover,0.7278894472361809,999999.0,-999999.0,-999.999,SKIPPED_GATE_FAIL,False,-1001.4498001218129,1001449.8001218128
58,3,SKU_C,0,hold,0.7278894472361809,195.61815654536724,-195.61815654536724,-0.19561815654536724,SIMULATED,True,-1001.4498001218129,1001449.8001218128
59,1,SKU_A,2,order_1w_cover,0.7231155778894472,1255.1819652675183,-1255.1819652675183,-1.2551819652675182,SIMULATED,False,-2.1164290911576003,2116.4290911576004
59,2,SKU_B,5,reduce_review,0.7231155778894472,665.6289693447147,-665.6289693447147,-0.6656289693447147,SIMULATED,False,-2.1164290911576003,2116.4290911576004
59,3,SKU_C,5,reduce_review,0.7231155778894472,195.61815654536724,-195.61815654536724,-0.19561815654536724,SIMULATED,True,-2.1164290911576003,2116.4290911576004
60,1,SKU_A,1,order_moq,0.7183417085427135,1106.7179652675184,-1106.7179652675184,-1.1067179652675183,SIMULATED,False,-1.931236598448162,1931.236598448162
60,2,SKU_B,2,order_1w_cover,0.7183417085427135,665.6289693447147,-665.6289693447147,-0.6656289693447147,SIMULATED,False,-1.931236598448162,1931.236598448162
60,3,SKU_C,1,order_moq,0.7183417085427135,158.88966383592893,-158.88966383592893,-0.15888966383592892,SIMULATED,True,-1.931236598448162,1931.236598448162
61,1,SKU_A,1,order_moq,0.7135678391959799,1106.7179652675184,-1106.7179652675184,-1.1067179652675183,SIMULATED,False,-1.9679650911576003,1967.9650911576005
61,2,SKU_B,2,order_1w_cover,0.7135678391959799,665.6289693447147,-665.6289693447147,-0.6656289693447147,SIMULATED,False,-1.9679650911576003,1967.9650911576005
61,3,SKU_C,3,order_2w_cover,0.7135678391959799,195.61815654536724,-195.61815654536724,-0.19561815654536724,SIMULATED,True,-1.9679650911576003,1967.9650911576005
62,1,SKU_A,4,expedite,0.7087939698492463,1255.1819652675183,-1255.1819652675183,-1.2551819652675182,SIMULATED,False,-2.0797005984481616,2079.700598448162
62,2,SKU_B,5,reduce_review,0.7087939698492463,665.6289693447147,-665.6289693447147,-0.6656289693447147,SIMULATED,False,-2.0797005984481616,2079.700598448162
62,3,SKU_C,1,order_moq,0.7087939698492463,158.88966383592893,-158.88966383592893,-0.15888966383592892,SIMULATED,True,-2.0797005984481616,2079.700598448162
63,1,SKU_A,0,hold,0.7040201005025126,1255.1819652675183,-1255.1819652675183,-1.2551819652675182,SIMULATED,False,-1001.4498001218129,1001449.8001218128
63,2,SKU_B,3,order_2w_cover,0.7040201005025126,999999.0,-999999.0,-999.999,SKIPPED_GATE_FAIL,False,-1001.4498001218129,1001449.8001218128
63,3,SKU_C,0,hold,0.7040201005025126,195.61815654536724,-195.61815654536724,-0.19561815654536724,SIMULATED,True,-1001.4498001218129,1001449.8001218128
64,1,SKU_A,4,expedite,0.699246231155779,1255.1819652675183,-1255.1819652675183,-1.2551819652675182,SIMULATED,False,-2.1164290911576003,2116.4290911576004
64,2,SKU_B,0,hold,0.699246231155779,665.6289693447147,-665.6289693447147,-0.6656289693447147,SIMULATED,False,-2.1164290911576003,2116.4290911576004
64,3,SKU_C,2,order_1w_cover,0.699246231155779,195.61815654536724,-195.61815654536724,-0.19561815654536724,SIMULATED,True,-2.1164290911576003,2116.4290911576004
65,1,SKU_A,3,order_2w_cover,0.6944723618090453,999999.0,-999999.0,-999.999,SKIPPED_GATE_FAIL,False,-1000.8235186331807,1000823.5186331805
65,2,SKU_B,4,expedite,0.6944723618090453,665.6289693447147,-665.6289693447147,-0.6656289693447147,SIMULATED,False,-1000.8235186331807,1000823.5186331805
65,3,SKU_C,1,order_moq,0.6944723618090453,158.88966383592893,-158.88966383592893,-0.15888966383592892,SIMULATED,True,-1000.8235186331807,1000823.5186331805
66,1,SKU_A,5,reduce_review,0.6896984924623115,1255.1819652675183,-1255.1819652675183,-1.2551819652675182,SIMULATED,False,-1.9082857839667542,1908.285783966754
66,2,SKU_B,1,order_moq,0.6896984924623115,457.4856621538687,-457.4856621538687,-0.4574856621538687,SIMULATED,False,-1.9082857839667542,1908.285783966754
66,3,SKU_C,2,order_1w_cover,0.6896984924623115,195.61815654536724,-195.61815654536724,-0.19561815654536724,SIMULATED,True,-1.9082857839667542,1908.285783966754
67,1,SKU_A,1,order_moq,0.6849246231155779,1106.7179652675184,-1106.7179652675184,-1.1067179652675183,SIMULATED,False,-1001.3013361218129,1001301.3361218128
67,2,SKU_B,3,order_2w_cover,0.6849246231155779,999999.0,-999999.0,-999.999,SKIPPED_GATE_FAIL,False,-1001.3013361218129,1001301.3361218128
67,3,SKU_C,3,order_2w_cover,0.6849246231155779,195.61815654536724,-195.61815654536724,-0.19561815654536724,SIMULATED,True,-1001.3013361218129,1001301.3361218128
68,1,SKU_A,0,hold,0.6801507537688443,1255.1819652675183,-1255.1819652675183,-1.2551819652675182,SIMULATED,False,-2.1164290911576003,2116.4290911576004
68,2,SKU_B,2,order_1w_cover,0.6801507537688443,665.6289693447147,-665.6289693447147,-0.6656289693447147,SIMULATED,False,-2.1164290911576003,2116.4290911576004
68,3,SKU_C,0,hold,0.6801507537688443,195.61815654536724,-195.61815654536724,-0.19561815654536724,SIMULATED,True,-2.1164290911576003,2116.4290911576004
69,1,SKU_A,5,reduce_review,0.6753768844221106,1255.1819652675183,-1255.1819652675183,-1.2551819652675182,SIMULATED,False,-1.9082857839667542,1908.285783966754
69,2,SKU_B,1,order_moq,0.6753768844221106,457.4856621538687,-457.4856621538687,-0.4574856621538687,SIMULATED,False,-1.9082857839667542,1908.285783966754
69,3,SKU_C,5,reduce_review,0.6753768844221106,195.61815654536724,-195.61815654536724,-0.19561815654536724,SIMULATED,True,-1.9082857839667542,1908.285783966754
70,1,SKU_A,2,order_1w_cover,0.6706030150753769,1255.1819652675183,-1255.1819652675183,-1.2551819652675182,SIMULATED,False,-1.871557291257316,1871.557291257316
70,2,SKU_B,1,order_moq,0.6706030150753769,457.4856621538687,-457.4856621538687,-0.4574856621538687,SIMULATED,False,-1.871557291257316,1871.557291257316
70,3,SKU_C,1,order_moq,0.6706030150753769,158.88966383592893,-158.88966383592893,-0.15888966383592892,SIMULATED,True,-1.871557291257316,1871.557291257316
71,1,SKU_A,1,order_moq,0.6658291457286432,1106.7179652675184,-1106.7179652675184,-1.1067179652675183,SIMULATED,False,-1.931236598448162,1931.236598448162
71,2,SKU_B,5,reduce_review,0.6658291457286432,665.6289693447147,-665.6289693447147,-0.6656289693447147,SIMULATED,False,-1.931236598448162,1931.236598448162
71,3,SKU_C,1,order_moq,0.6658291457286432,158.88966383592893,-158.88966383592893,-0.15888966383592892,SIMULATED,True,-1.931236598448162,1931.236598448162
72,1,SKU_A,4,expedite,0.6610552763819095,1255.1819652675183,-1255.1819652675183,-1.2551819652675182,SIMULATED,False,-1001.4498001218129,1001449.8001218128
72,2,SKU_B,3,order_2w_cover,0.6610552763819095,999999.0,-999999.0,-999.999,SKIPPED_GATE_FAIL,False,-1001.4498001218129,1001449.8001218128
72,3,SKU_C,3,order_2w_cover,0.6610552763819095,195.61815654536724,-195.61815654536724,-0.19561815654536724,SIMULATED,True,-1001.4498001218129,1001449.8001218128
73,1,SKU_A,4,expedite,0.6562814070351759,1255.1819652675183,-1255.1819652675183,-1.2551819652675182,SIMULATED,False,-2.1164290911576003,2116.4290911576004
73,2,SKU_B,2,order_1w_cover,0.6562814070351759,665.6289693447147,-665.6289693447147,-0.6656289693447147,SIMULATED,False,-2.1164290911576003,2116.4290911576004
73,3,SKU_C,0,hold,0.6562814070351759,195.61815654536724,-195.61815654536724,-0.19561815654536724,SIMULATED,True,-2.1164290911576003,2116.4290911576004
74,1,SKU_A,0,hold,0.6515075376884423,1255.1819652675183,-1255.1819652675183,-1.2551819652675182,SIMULATED,False,-1001.4130716291035,1001413.0716291034
74,2,SKU_B,3,order_2w_cover,0.6515075376884423,999999.0,-999999.0,-999.999,SKIPPED_GATE_FAIL,False,-1001.4130716291035,1001413.0716291034
74,3,SKU_C,1,order_moq,0.6515075376884423,158.88966383592893,-158.88966383592893,-0.15888966383592892,SIMULATED,True,-1001.4130716291035,1001413.0716291034
75,1,SKU_A,4,expedite,0.6467336683417085,1255.1819652675183,-1255.1819652675183,-1.2551819652675182,SIMULATED,False,-1.9082857839667542,1908.285783966754
75,2,SKU_B,1,order_moq,0.6467336683417085,457.4856621538687,-457.4856621538687,-0.4574856621538687,SIMULATED,False,-1.9082857839667542,1908.285783966754
75,3,SKU_C,5,reduce_review,0.6467336683417085,195.61815654536724,-195.61815654536724,-0.19561815654536724,SIMULATED,True,-1.9082857839667542,1908.285783966754
76,1,SKU_A,4,expedite,0.6419597989949748,1255.1819652675183,-1255.1819652675183,-1.2551819652675182,SIMULATED,False,-1.9082857839667542,1908.285783966754
76,2,SKU_B,1,order_moq,0.6419597989949748,457.4856621538687,-457.4856621538687,-0.4574856621538687,SIMULATED,False,-1.9082857839667542,1908.285783966754
76,3,SKU_C,5,reduce_review,0.6419597989949748,195.61815654536724,-195.61815654536724,-0.19561815654536724,SIMULATED,True,-1.9082857839667542,1908.285783966754
77,1,SKU_A,2,order_1w_cover,0.6371859296482412,1255.1819652675183,-1255.1819652675183,-1.2551819652675182,SIMULATED,False,-1.871557291257316,1871.557291257316
77,2,SKU_B,1,order_moq,0.6371859296482412,457.4856621538687,-457.4856621538687,-0.4574856621538687,SIMULATED,False,-1.871557291257316,1871.557291257316
77,3,SKU_C,1,order_moq,0.6371859296482412,158.88966383592893,-158.88966383592893,-0.15888966383592892,SIMULATED,True,-1.871557291257316,1871.557291257316
78,1,SKU_A,5,reduce_review,0.6324120603015075,1255.1819652675183,-1255.1819652675183,-1.2551819652675182,SIMULATED,False,-1001.4498001218129,1001449.8001218128
78,2,SKU_B,3,order_2w_cover,0.6324120603015075,999999.0,-999999.0,-999.999,SKIPPED_GATE_FAIL,False,-1001.4498001218129,1001449.8001218128
78,3,SKU_C,2,order_1w_cover,0.6324120603015075,195.61815654536724,-195.61815654536724,-0.19561815654536724,SIMULATED,True,-1001.4498001218129,1001449.8001218128
79,1,SKU_A,1,order_moq,0.6276381909547739,1106.7179652675184,-1106.7179652675184,-1.1067179652675183,SIMULATED,False,-1.9679650911576003,1967.9650911576005
79,2,SKU_B,4,expedite,0.6276381909547739,665.6289693447147,-665.6289693447147,-0.6656289693447147,SIMULATED,False,-1.9679650911576003,1967.9650911576005
79,3,SKU_C,3,order_2w_cover,0.6276381909547739,195.61815654536724,-195.61815654536724,-0.19561815654536724,SIMULATED,True,-1.9679650911576003,1967.9650911576005
80,1,SKU_A,1,order_moq,0.6228643216080403,1106.7179652675184,-1106.7179652675184,-1.1067179652675183,SIMULATED,False,-1.9679650911576003,1967.9650911576005
80,2,SKU_B,5,reduce_review,0.6228643216080403,665.6289693447147,-665.6289693447147,-0.6656289693447147,SIMULATED,False,-1.9679650911576003,1967.9650911576005
80,3,SKU_C,3,order_2w_cover,0.6228643216080403,195.61815654536724,-195.61815654536724,-0.19561815654536724,SIMULATED,True,-1.9679650911576003,1967.9650911576005
81,1,SKU_A,2,order_1w_cover,0.6180904522613065,1255.1819652675183,-1255.1819652675183,-1.2551819652675182,SIMULATED,False,-1001.4498001218129,1001449.8001218128
81,2,SKU_B,3,order_2w_cover,0.6180904522613065,999999.0,-999999.0,-999.999,SKIPPED_GATE_FAIL,False,-1001.4498001218129,1001449.8001218128
81,3,SKU_C,5,reduce_review,0.6180904522613065,195.61815654536724,-195.61815654536724,-0.19561815654536724,SIMULATED,True,-1001.4498001218129,1001449.8001218128
82,1,SKU_A,5,reduce_review,0.6133165829145729,1255.1819652675183,-1255.1819652675183,-1.2551819652675182,SIMULATED,False,-1.9082857839667542,1908.285783966754
82,2,SKU_B,1,order_moq,0.6133165829145729,457.4856621538687,-457.4856621538687,-0.4574856621538687,SIMULATED,False,-1.9082857839667542,1908.285783966754
82,3,SKU_C,2,order_1w_cover,0.6133165829145729,195.61815654536724,-195.61815654536724,-0.19561815654536724,SIMULATED,True,-1.9082857839667542,1908.285783966754
83,1,SKU_A,1,order_moq,0.6085427135678392,1106.7179652675184,-1106.7179652675184,-1.1067179652675183,SIMULATED,False,-1.7598217839667543,1759.821783966754
83,2,SKU_B,1,order_moq,0.6085427135678392,457.4856621538687,-457.4856621538687,-0.4574856621538687,SIMULATED,False,-1.7598217839667543,1759.821783966754
83,3,SKU_C,4,expedite,0.6085427135678392,195.61815654536724,-195.61815654536724,-0.19561815654536724,SIMULATED,True,-1.7598217839667543,1759.821783966754
84,1,SKU_A,0,hold,0.6037688442211055,1255.1819652675183,-1255.1819652675183,-1.2551819652675182,SIMULATED,False,-1.9082857839667542,1908.285783966754
84,2,SKU_B,1,order_moq,0.6037688442211055,457.4856621538687,-457.4856621538687,-0.4574856621538687,SIMULATED,False,-1.9082857839667542,1908.285783966754
84,3,SKU_C,0,hold,0.6037688442211055,195.61815654536724,-195.61815654536724,-0.19561815654536724,SIMULATED,True,-1.9082857839667542,1908.285783966754
85,1,SKU_A,0,hold,0.5989949748743719,1255.1819652675183,-1255.1819652675183,-1.2551819652675182,SIMULATED,False,-1001.4498001218129,1001449.8001218128
85,2,SKU_B,3,order_2w_cover,0.5989949748743719,999999.0,-999999.0,-999.999,SKIPPED_GATE_FAIL,False,-1001.4498001218129,1001449.8001218128
85,3,SKU_C,4,expedite,0.5989949748743719,195.61815654536724,-195.61815654536724,-0.19561815654536724,SIMULATED,True,-1001.4498001218129,1001449.8001218128
86,1,SKU_A,1,order_moq,0.5942211055276382,1106.7179652675184,-1106.7179652675184,-1.1067179652675183,SIMULATED,False,-1.931236598448162,1931.236598448162
86,2,SKU_B,4,expedite,0.5942211055276382,665.6289693447147,-665.6289693447147,-0.6656289693447147,SIMULATED,False,-1.931236598448162,1931.236598448162
86,3,SKU_C,1,order_moq,0.5942211055276382,158.88966383592893,-158.88966383592893,-0.15888966383592892,SIMULATED,True,-1.931236598448162,1931.236598448162
87,1,SKU_A,2,order_1w_cover,0.5894472361809046,1255.1819652675183,-1255.1819652675183,-1.2551819652675182,SIMULATED,False,-2.1164290911576003,2116.4290911576004
87,2,SKU_B,4,expedite,0.5894472361809046,665.6289693447147,-665.6289693447147,-0.6656289693447147,SIMULATED,False,-2.1164290911576003,2116.4290911576004
87,3,SKU_C,0,hold,0.5894472361809046,195.61815654536724,-195.61815654536724,-0.19561815654536724,SIMULATED,True,-2.1164290911576003,2116.4290911576004
88,1,SKU_A,5,reduce_review,0.5846733668341708,1255.1819652675183,-1255.1819652675183,-1.2551819652675182,SIMULATED,False,-2.0797005984481616,2079.700598448162
88,2,SKU_B,5,reduce_review,0.5846733668341708,665.6289693447147,-665.6289693447147,-0.6656289693447147,SIMULATED,False,-2.0797005984481616,2079.700598448162
88,3,SKU_C,1,order_moq,0.5846733668341708,158.88966383592893,-158.88966383592893,-0.15888966383592892,SIMULATED,True,-2.0797005984481616,2079.700598448162
89,1,SKU_A,4,expedite,0.5798994974874372,1255.1819652675183,-1255.1819652675183,-1.2551819652675182,SIMULATED,False,-1.871557291257316,1871.557291257316
89,2,SKU_B,1,order_moq,0.5798994974874372,457.4856621538687,-457.4856621538687,-0.4574856621538687,SIMULATED,False,-1.871557291257316,1871.557291257316
89,3,SKU_C,1,order_moq,0.5798994974874372,158.88966383592893,-158.88966383592893,-0.15888966383592892,SIMULATED,True,-1.871557291257316,1871.557291257316
90,1,SKU_A,4,expedite,0.5751256281407036,1255.1819652675183,-1255.1819652675183,-1.2551819652675182,SIMULATED,False,-2.1164290911576003,2116.4290911576004
90,2,SKU_B,2,order_1w_cover,0.5751256281407036,665.6289693447147,-665.6289693447147,-0.6656289693447147,SIMULATED,False,-2.1164290911576003,2116.4290911576004
90,3,SKU_C,5,reduce_review,0.5751256281407036,195.61815654536724,-195.61815654536724,-0.19561815654536724,SIMULATED,True,-2.1164290911576003,2116.4290911576004
91,1,SKU_A,1,order_moq,0.5703517587939699,1106.7179652675184,-1106.7179652675184,-1.1067179652675183,SIMULATED,False,-1.9679650911576003,1967.9650911576005
91,2,SKU_B,0,hold,0.5703517587939699,665.6289693447147,-665.6289693447147,-0.6656289693447147,SIMULATED,False,-1.9679650911576003,1967.9650911576005
91,3,SKU_C,0,hold,0.5703517587939699,195.61815654536724,-195.61815654536724,-0.19561815654536724,SIMULATED,True,-1.9679650911576003,1967.9650911576005
92,1,SKU_A,4,expedite,0.5655778894472362,1255.1819652675183,-1255.1819652675183,-1.2551819652675182,SIMULATED,False,-1.871557291257316,1871.557291257316
92,2,SKU_B,1,order_moq,0.5655778894472362,457.4856621538687,-457.4856621538687,-0.4574856621538687,SIMULATED,False,-1.871557291257316,1871.557291257316
92,3,SKU_C,1,order_moq,0.5655778894472362,158.88966383592893,-158.88966383592893,-0.15888966383592892,SIMULATED,True,-1.871557291257316,1871.557291257316
93,1,SKU_A,0,hold,0.5608040201005025,1255.1819652675183,-1255.1819652675183,-1.2551819652675182,SIMULATED,False,-1.871557291257316,1871.557291257316
93,2,SKU_B,1,order_moq,0.5608040201005025,457.4856621538687,-457.4856621538687,-0.4574856621538687,SIMULATED,False,-1.871557291257316,1871.557291257316
93,3,SKU_C,1,order_moq,0.5608040201005025,158.88966383592893,-158.88966383592893,-0.15888966383592892,SIMULATED,True,-1.871557291257316,1871.557291257316
94,1,SKU_A,1,order_moq,0.5560301507537688,1106.7179652675184,-1106.7179652675184,-1.1067179652675183,SIMULATED,False,-1.931236598448162,1931.236598448162
94,2,SKU_B,2,order_1w_cover,0.5560301507537688,665.6289693447147,-665.6289693447147,-0.6656289693447147,SIMULATED,False,-1.931236598448162,1931.236598448162
94,3,SKU_C,1,order_moq,0.5560301507537688,158.88966383592893,-158.88966383592893,-0.15888966383592892,SIMULATED,True,-1.931236598448162,1931.236598448162
95,1,SKU_A,2,order_1w_cover,0.5512562814070352,1255.1819652675183,-1255.1819652675183,-1.2551819652675182,SIMULATED,False,-2.1164290911576003,2116.4290911576004
95,2,SKU_B,2,order_1w_cover,0.5512562814070352,665.6289693447147,-665.6289693447147,-0.6656289693447147,SIMULATED,False,-2.1164290911576003,2116.4290911576004
95,3,SKU_C,2,order_1w_cover,0.5512562814070352,195.61815654536724,-195.61815654536724,-0.19561815654536724,SIMULATED,True,-2.1164290911576003,2116.4290911576004
96,1,SKU_A,3,order_2w_cover,0.5464824120603016,999999.0,-999999.0,-999.999,SKIPPED_GATE_FAIL,False,-1000.8602471258902,1000860.24712589
96,2,SKU_B,4,expedite,0.5464824120603016,665.6289693447147,-665.6289693447147,-0.6656289693447147,SIMULATED,False,-1000.8602471258902,1000860.24712589
96,3,SKU_C,4,expedite,0.5464824120603016,195.61815654536724,-195.61815654536724,-0.19561815654536724,SIMULATED,True,-1000.8602471258902,1000860.24712589
97,1,SKU_A,1,order_moq,0.5417085427135679,1106.7179652675184,-1106.7179652675184,-1.1067179652675183,SIMULATED,False,-1.9679650911576003,1967.9650911576005
97,2,SKU_B,2,order_1w_cover,0.5417085427135679,665.6289693447147,-665.6289693447147,-0.6656289693447147,SIMULATED,False,-1.9679650911576003,1967.9650911576005
97,3,SKU_C,3,order_2w_cover,0.5417085427135679,195.61815654536724,-195.61815654536724,-0.19561815654536724,SIMULATED,True,-1.9679650911576003,1967.9650911576005
98,1,SKU_A,5,reduce_review,0.5369346733668342,1255.1819652675183,-1255.1819652675183,-1.2551819652675182,SIMULATED,False,-2.0797005984481616,2079.700598448162
98,2,SKU_B,2,order_1w_cover,0.5369346733668342,665.6289693447147,-665.6289693447147,-0.6656289693447147,SIMULATED,False,-2.0797005984481616,2079.700598448162
98,3,SKU_C,1,order_moq,0.5369346733668342,158.88966383592893,-158.88966383592893,-0.15888966383592892,SIMULATED,True,-2.0797005984481616,2079.700598448162
99,1,SKU_A,5,reduce_review,0.5321608040201005,1255.1819652675183,-1255.1819652675183,-1.2551819652675182,SIMULATED,False,-1.9082857839667542,1908.285783966754
99,2,SKU_B,1,order_moq,0.5321608040201005,457.4856621538687,-457.4856621538687,-0.4574856621538687,SIMULATED,False,-1.9082857839667542,1908.285783966754
99,3,SKU_C,3,order_2w_cover,0.5321608040201005,195.61815654536724,-195.61815654536724,-0.19561815654536724,SIMULATED,True,-1.9082857839667542,1908.285783966754
100,1,SKU_A,1,order_moq,0.5273869346733668,1106.7179652675184,-1106.7179652675184,-1.1067179652675183,SIMULATED,False,-1.7598217839667543,1759.821783966754
100,2,SKU_B,1,order_moq,0.5273869346733668,457.4856621538687,-457.4856621538687,-0.4574856621538687,SIMULATED,False,-1.7598217839667543,1759.821783966754
100,3,SKU_C,5,reduce_review,0.5273869346733668,195.61815654536724,-195.61815654536724,-0.19561815654536724,SIMULATED,True,-1.7598217839667543,1759.821783966754
101,1,SKU_A,1,order_moq,0.5226130653266332,1106.7179652675184,-1106.7179652675184,-1.1067179652675183,SIMULATED,False,-1.723093291257316,1723.093291257316
101,2,SKU_B,1,order_moq,0.5226130653266332,457.4856621538687,-457.4856621538687,-0.4574856621538687,SIMULATED,False,-1.723093291257316,1723.093291257316
101,3,SKU_C,1,order_moq,0.5226130653266332,158.88966383592893,-158.88966383592893,-0.15888966383592892,SIMULATED,True,-1.723093291257316,1723.093291257316
102,1,SKU_A,2,order_1w_cover,0.5178391959798996,1255.1819652675183,-1255.1819652675183,-1.2551819652675182,SIMULATED,False,-2.0797005984481616,2079.700598448162
102,2,SKU_B,0,hold,0.5178391959798996,665.6289693447147,-665.6289693447147,-0.6656289693447147,SIMULATED,False,-2.0797005984481616,2079.700598448162
102,3,SKU_C,1,order_moq,0.5178391959798996,158.88966383592893,-158.88966383592893,-0.15888966383592892,SIMULATED,True,-2.0797005984481616,2079.700598448162
103,1,SKU_A,5,reduce_review,0.5130653266331658,1255.1819652675183,-1255.1819652675183,-1.2551819652675182,SIMULATED,False,-2.0797005984481616,2079.700598448162
103,2,SKU_B,0,hold,0.5130653266331658,665.6289693447147,-665.6289693447147,-0.6656289693447147,SIMULATED,False,-2.0797005984481616,2079.700598448162
103,3,SKU_C,1,order_moq,0.5130653266331658,158.88966383592893,-158.88966383592893,-0.15888966383592892,SIMULATED,True,-2.0797005984481616,2079.700598448162
104,1,SKU_A,1,order_moq,0.5082914572864321,1106.7179652675184,-1106.7179652675184,-1.1067179652675183,SIMULATED,False,-1.931236598448162,1931.236598448162
104,2,SKU_B,0,hold,0.5082914572864321,665.6289693447147,-665.6289693447147,-0.6656289693447147,SIMULATED,False,-1.931236598448162,1931.236598448162
104,3,SKU_C,1,order_moq,0.5082914572864321,158.88966383592893,-158.88966383592893,-0.15888966383592892,SIMULATED,True,-1.931236598448162,1931.236598448162
105,1,SKU_A,4,expedite,0.5035175879396985,1255.1819652675183,-1255.1819652675183,-1.2551819652675182,SIMULATED,False,-1.9082857839667542,1908.285783966754
105,2,SKU_B,1,order_moq,0.5035175879396985,457.4856621538687,-457.4856621538687,-0.4574856621538687,SIMULATED,False,-1.9082857839667542,1908.285783966754
105,3,SKU_C,2,order_1w_cover,0.5035175879396985,195.61815654536724,-195.61815654536724,-0.19561815654536724,SIMULATED,True,-1.9082857839667542,1908.285783966754
106,1,SKU_A,1,order_moq,0.49874371859296485,1106.7179652675184,-1106.7179652675184,-1.1067179652675183,SIMULATED,False,-1.7598217839667543,1759.821783966754
106,2,SKU_B,1,order_moq,0.49874371859296485,457.4856621538687,-457.4856621538687,-0.4574856621538687,SIMULATED,False,-1.7598217839667543,1759.821783966754
106,3,SKU_C,4,expedite,0.49874371859296485,195.61815654536724,-195.61815654536724,-0.19561815654536724,SIMULATED,True,-1.7598217839667543,1759.821783966754
107,1,SKU_A,0,hold,0.4939698492462312,1255.1819652675183,-1255.1819652675183,-1.2551819652675182,SIMULATED,False,-1.871557291257316,1871.557291257316
107,2,SKU_B,1,order_moq,0.4939698492462312,457.4856621538687,-457.4856621538687,-0.4574856621538687,SIMULATED,False,-1.871557291257316,1871.557291257316
107,3,SKU_C,1,order_moq,0.4939698492462312,158.88966383592893,-158.88966383592893,-0.15888966383592892,SIMULATED,True,-1.871557291257316,1871.557291257316
108,1,SKU_A,1,order_moq,0.4891959798994975,1106.7179652675184,-1106.7179652675184,-1.1067179652675183,SIMULATED,False,-1.7598217839667543,1759.821783966754
108,2,SKU_B,1,order_moq,0.4891959798994975,457.4856621538687,-457.4856621538687,-0.4574856621538687,SIMULATED,False,-1.7598217839667543,1759.821783966754
108,3,SKU_C,0,hold,0.4891959798994975,195.61815654536724,-195.61815654536724,-0.19561815654536724,SIMULATED,True,-1.7598217839667543,1759.821783966754
109,1,SKU_A,2,order_1w_cover,0.48442211055276385,1255.1819652675183,-1255.1819652675183,-1.2551819652675182,SIMULATED,False,-2.0797005984481616,2079.700598448162
109,2,SKU_B,0,hold,0.48442211055276385,665.6289693447147,-665.6289693447147,-0.6656289693447147,SIMULATED,False,-2.0797005984481616,2079.700598448162
109,3,SKU_C,1,order_moq,0.48442211055276385,158.88966383592893,-158.88966383592893,-0.15888966383592892,SIMULATED,True,-2.0797005984481616,2079.700598448162
110,1,SKU_A,1,order_moq,0.4796482412060301,1106.7179652675184,-1106.7179652675184,-1.1067179652675183,SIMULATED,False,-1.723093291257316,1723.093291257316
110,2,SKU_B,1,order_moq,0.4796482412060301,457.4856621538687,-457.4856621538687,-0.4574856621538687,SIMULATED,False,-1.723093291257316,1723.093291257316
110,3,SKU_C,1,order_moq,0.4796482412060301,158.88966383592893,-158.88966383592893,-0.15888966383592892,SIMULATED,True,-1.723093291257316,1723.093291257316
111,1,SKU_A,1,order_moq,0.4748743718592966,1106.7179652675184,-1106.7179652675184,-1.1067179652675183,SIMULATED,False,-1.723093291257316,1723.093291257316
111,2,SKU_B,1,order_moq,0.4748743718592966,457.4856621538687,-457.4856621538687,-0.4574856621538687,SIMULATED,False,-1.723093291257316,1723.093291257316
111,3,SKU_C,1,order_moq,0.4748743718592966,158.88966383592893,-158.88966383592893,-0.15888966383592892,SIMULATED,True,-1.723093291257316,1723.093291257316
112,1,SKU_A,5,reduce_review,0.47010050251256286,1255.1819652675183,-1255.1819652675183,-1.2551819652675182,SIMULATED,False,-2.0797005984481616,2079.700598448162
112,2,SKU_B,4,expedite,0.47010050251256286,665.6289693447147,-665.6289693447147,-0.6656289693447147,SIMULATED,False,-2.0797005984481616,2079.700598448162
112,3,SKU_C,1,order_moq,0.47010050251256286,158.88966383592893,-158.88966383592893,-0.15888966383592892,SIMULATED,True,-2.0797005984481616,2079.700598448162
113,1,SKU_A,1,order_moq,0.46532663316582923,1106.7179652675184,-1106.7179652675184,-1.1067179652675183,SIMULATED,False,-1.723093291257316,1723.093291257316
113,2,SKU_B,1,order_moq,0.46532663316582923,457.4856621538687,-457.4856621538687,-0.4574856621538687,SIMULATED,False,-1.723093291257316,1723.093291257316
113,3,SKU_C,1,order_moq,0.46532663316582923,158.88966383592893,-158.88966383592893,-0.15888966383592892,SIMULATED,True,-1.723093291257316,1723.093291257316
114,1,SKU_A,1,order_moq,0.4605527638190955,1106.7179652675184,-1106.7179652675184,-1.1067179652675183,SIMULATED,False,-1.7598217839667543,1759.821783966754
114,2,SKU_B,1,order_moq,0.4605527638190955,457.4856621538687,-457.4856621538687,-0.4574856621538687,SIMULATED,False,-1.7598217839667543,1759.821783966754
114,3,SKU_C,5,reduce_review,0.4605527638190955,195.61815654536724,-195.61815654536724,-0.19561815654536724,SIMULATED,True,-1.7598217839667543,1759.821783966754
115,1,SKU_A,0,hold,0.45577889447236175,1255.1819652675183,-1255.1819652675183,-1.2551819652675182,SIMULATED,False,-1.871557291257316,1871.557291257316
115,2,SKU_B,1,order_moq,0.45577889447236175,457.4856621538687,-457.4856621538687,-0.4574856621538687,SIMULATED,False,-1.871557291257316,1871.557291257316
115,3,SKU_C,1,order_moq,0.45577889447236175,158.88966383592893,-158.88966383592893,-0.15888966383592892,SIMULATED,True,-1.871557291257316,1871.557291257316
116,1,SKU_A,2,order_1w_cover,0.45100502512562823,1255.1819652675183,-1255.1819652675183,-1.2551819652675182,SIMULATED,False,-2.1164290911576003,2116.4290911576004
116,2,SKU_B,2,order_1w_cover,0.45100502512562823,665.6289693447147,-665.6289693447147,-0.6656289693447147,SIMULATED,False,-2.1164290911576003,2116.4290911576004
116,3,SKU_C,3,order_2w_cover,0.45100502512562823,195.61815654536724,-195.61815654536724,-0.19561815654536724,SIMULATED,True,-2.1164290911576003,2116.4290911576004
117,1,SKU_A,1,order_moq,0.4462311557788945,1106.7179652675184,-1106.7179652675184,-1.1067179652675183,SIMULATED,False,-1.9679650911576003,1967.9650911576005
117,2,SKU_B,5,reduce_review,0.4462311557788945,665.6289693447147,-665.6289693447147,-0.6656289693447147,SIMULATED,False,-1.9679650911576003,1967.9650911576005
117,3,SKU_C,0,hold,0.4462311557788945,195.61815654536724,-195.61815654536724,-0.19561815654536724,SIMULATED,True,-1.9679650911576003,1967.9650911576005
118,1,SKU_A,3,order_2w_cover,0.44145728643216087,999999.0,-999999.0,-999.999,SKIPPED_GATE_FAIL,False,-1000.6153753259898,1000615.3753259898
118,2,SKU_B,1,order_moq,0.44145728643216087,457.4856621538687,-457.4856621538687,-0.4574856621538687,SIMULATED,False,-1000.6153753259898,1000615.3753259898
118,3,SKU_C,1,order_moq,0.44145728643216087,158.88966383592893,-158.88966383592893,-0.15888966383592892,SIMULATED,True,-1000.6153753259898,1000615.3753259898
119,1,SKU_A,2,order_1w_cover,0.43668341708542713,1255.1819652675183,-1255.1819652675183,-1.2551819652675182,SIMULATED,False,-2.1164290911576003,2116.4290911576004
119,2,SKU_B,5,reduce_review,0.43668341708542713,665.6289693447147,-665.6289693447147,-0.6656289693447147,SIMULATED,False,-2.1164290911576003,2116.4290911576004
119,3,SKU_C,2,order_1w_cover,0.43668341708542713,195.61815654536724,-195.61815654536724,-0.19561815654536724,SIMULATED,True,-2.1164290911576003,2116.4290911576004
120,1,SKU_A,1,order_moq,0.4319095477386935,1106.7179652675184,-1106.7179652675184,-1.1067179652675183,SIMULATED,False,-1.723093291257316,1723.093291257316
120,2,SKU_B,1,order_moq,0.4319095477386935,457.4856621538687,-457.4856621538687,-0.4574856621538687,SIMULATED,False,-1.723093291257316,1723.093291257316
120,3,SKU_C,1,order_moq,0.4319095477386935,158.88966383592893,-158.88966383592893,-0.15888966383592892,SIMULATED,True,-1.723093291257316,1723.093291257316
121,1,SKU_A,2,order_1w_cover,0.42713567839195987,1255.1819652675183,-1255.1819652675183,-1.2551819652675182,SIMULATED,False,-1.871557291257316,1871.557291257316
121,2,SKU_B,1,order_moq,0.42713567839195987,457.4856621538687,-457.4856621538687,-0.4574856621538687,SIMULATED,False,-1.871557291257316,1871.557291257316
121,3,SKU_C,1,order_moq,0.42713567839195987,158.88966383592893,-158.88966383592893,-0.15888966383592892,SIMULATED,True,-1.871557291257316,1871.557291257316
122,1,SKU_A,1,order_moq,0.42236180904522613,1106.7179652675184,-1106.7179652675184,-1.1067179652675183,SIMULATED,False,-1.723093291257316,1723.093291257316
122,2,SKU_B,1,order_moq,0.42236180904522613,457.4856621538687,-457.4856621538687,-0.4574856621538687,SIMULATED,False,-1.723093291257316,1723.093291257316
122,3,SKU_C,1,order_moq,0.42236180904522613,158.88966383592893,-158.88966383592893,-0.15888966383592892,SIMULATED,True,-1.723093291257316,1723.093291257316
123,1,SKU_A,1,order_moq,0.4175879396984925,1106.7179652675184,-1106.7179652675184,-1.1067179652675183,SIMULATED,False,-1.723093291257316,1723.093291257316
123,2,SKU_B,1,order_moq,0.4175879396984925,457.4856621538687,-457.4856621538687,-0.4574856621538687,SIMULATED,False,-1.723093291257316,1723.093291257316
123,3,SKU_C,1,order_moq,0.4175879396984925,158.88966383592893,-158.88966383592893,-0.15888966383592892,SIMULATED,True,-1.723093291257316,1723.093291257316
124,1,SKU_A,1,order_moq,0.41281407035175877,1106.7179652675184,-1106.7179652675184,-1.1067179652675183,SIMULATED,False,-1.931236598448162,1931.236598448162
124,2,SKU_B,4,expedite,0.41281407035175877,665.6289693447147,-665.6289693447147,-0.6656289693447147,SIMULATED,False,-1.931236598448162,1931.236598448162
124,3,SKU_C,1,order_moq,0.41281407035175877,158.88966383592893,-158.88966383592893,-0.15888966383592892,SIMULATED,True,-1.931236598448162,1931.236598448162
125,1,SKU_A,1,order_moq,0.40804020100502514,1106.7179652675184,-1106.7179652675184,-1.1067179652675183,SIMULATED,False,-1.723093291257316,1723.093291257316
125,2,SKU_B,1,order_moq,0.40804020100502514,457.4856621538687,-457.4856621538687,-0.4574856621538687,SIMULATED,False,-1.723093291257316,1723.093291257316
125,3,SKU_C,1,order_moq,0.40804020100502514,158.88966383592893,-158.88966383592893,-0.15888966383592892,SIMULATED,True,-1.723093291257316,1723.093291257316
126,1,SKU_A,0,hold,0.4032663316582914,1255.1819652675183,-1255.1819652675183,-1.2551819652675182,SIMULATED,False,-1.871557291257316,1871.557291257316
126,2,SKU_B,1,order_moq,0.4032663316582914,457.4856621538687,-457.4856621538687,-0.4574856621538687,SIMULATED,False,-1.871557291257316,1871.557291257316
126,3,SKU_C,1,order_moq,0.4032663316582914,158.88966383592893,-158.88966383592893,-0.15888966383592892,SIMULATED,True,-1.871557291257316,1871.557291257316
127,1,SKU_A,3,order_2w_cover,0.3984924623115579,999999.0,-999999.0,-999.999,SKIPPED_GATE_FAIL,False,-1000.6521038186993,1000652.1038186993
127,2,SKU_B,1,order_moq,0.3984924623115579,457.4856621538687,-457.4856621538687,-0.4574856621538687,SIMULATED,False,-1000.6521038186993,1000652.1038186993
127,3,SKU_C,5,reduce_review,0.3984924623115579,195.61815654536724,-195.61815654536724,-0.19561815654536724,SIMULATED,True,-1000.6521038186993,1000652.1038186993
128,1,SKU_A,5,reduce_review,0.39371859296482414,1255.1819652675183,-1255.1819652675183,-1.2551819652675182,SIMULATED,False,-2.1164290911576003,2116.4290911576004
128,2,SKU_B,5,reduce_review,0.39371859296482414,665.6289693447147,-665.6289693447147,-0.6656289693447147,SIMULATED,False,-2.1164290911576003,2116.4290911576004
128,3,SKU_C,3,order_2w_cover,0.39371859296482414,195.61815654536724,-195.61815654536724,-0.19561815654536724,SIMULATED,True,-2.1164290911576003,2116.4290911576004
129,1,SKU_A,2,order_1w_cover,0.3889447236180905,1255.1819652675183,-1255.1819652675183,-1.2551819652675182,SIMULATED,False,-2.1164290911576003,2116.4290911576004
129,2,SKU_B,0,hold,0.3889447236180905,665.6289693447147,-665.6289693447147,-0.6656289693447147,SIMULATED,False,-2.1164290911576003,2116.4290911576004
129,3,SKU_C,4,expedite,0.3889447236180905,195.61815654536724,-195.61815654536724,-0.19561815654536724,SIMULATED,True,-2.1164290911576003,2116.4290911576004
130,1,SKU_A,1,order_moq,0.3841708542713568,1106.7179652675184,-1106.7179652675184,-1.1067179652675183,SIMULATED,False,-1.7598217839667543,1759.821783966754
130,2,SKU_B,1,order_moq,0.3841708542713568,457.4856621538687,-457.4856621538687,-0.4574856621538687,SIMULATED,False,-1.7598217839667543,1759.821783966754
130,3,SKU_C,4,expedite,0.3841708542713568,195.61815654536724,-195.61815654536724,-0.19561815654536724,SIMULATED,True,-1.7598217839667543,1759.821783966754
131,1,SKU_A,1,order_moq,0.37939698492462315,1106.7179652675184,-1106.7179652675184,-1.1067179652675183,SIMULATED,False,-1.9679650911576003,1967.9650911576005
131,2,SKU_B,0,hold,0.37939698492462315,665.6289693447147,-665.6289693447147,-0.6656289693447147,SIMULATED,False,-1.9679650911576003,1967.9650911576005
131,3,SKU_C,3,order_2w_cover,0.37939698492462315,195.61815654536724,-195.61815654536724,-0.19561815654536724,SIMULATED,True,-1.9679650911576003,1967.9650911576005
132,1,SKU_A,1,order_moq,0.3746231155778895,1106.7179652675184,-1106.7179652675184,-1.1067179652675183,SIMULATED,False,-1.7598217839667543,1759.821783966754
132,2,SKU_B,1,order_moq,0.3746231155778895,457.4856621538687,-457.4856621538687,-0.4574856621538687,SIMULATED,False,-1.7598217839667543,1759.821783966754
132,3,SKU_C,5,reduce_review,0.3746231155778895,195.61815654536724,-195.61815654536724,-0.19561815654536724,SIMULATED,True,-1.7598217839667543,1759.821783966754
133,1,SKU_A,1,order_moq,0.3698492462311558,1106.7179652675184,-1106.7179652675184,-1.1067179652675183,SIMULATED,False,-1.723093291257316,1723.093291257316
133,2,SKU_B,1,order_moq,0.3698492462311558,457.4856621538687,-457.4856621538687,-0.4574856621538687,SIMULATED,False,-1.723093291257316,1723.093291257316
133,3,SKU_C,1,order_moq,0.3698492462311558,158.88966383592893,-158.88966383592893,-0.15888966383592892,SIMULATED,True,-1.723093291257316,1723.093291257316
134,1,SKU_A,1,order_moq,0.36507537688442215,1106.7179652675184,-1106.7179652675184,-1.1067179652675183,SIMULATED,False,-1.931236598448162,1931.236598448162
134,2,SKU_B,4,expedite,0.36507537688442215,665.6289693447147,-665.6289693447147,-0.6656289693447147,SIMULATED,False,-1.931236598448162,1931.236598448162
134,3,SKU_C,1,order_moq,0.36507537688442215,158.88966383592893,-158.88966383592893,-0.15888966383592892,SIMULATED,True,-1.931236598448162,1931.236598448162
135,1,SKU_A,1,order_moq,0.3603015075376884,1106.7179652675184,-1106.7179652675184,-1.1067179652675183,SIMULATED,False,-1.931236598448162,1931.236598448162
135,2,SKU_B,2,order_1w_cover,0.3603015075376884,665.6289693447147,-665.6289693447147,-0.6656289693447147,SIMULATED,False,-1.931236598448162,1931.236598448162
135,3,SKU_C,1,order_moq,0.3603015075376884,158.88966383592893,-158.88966383592893,-0.15888966383592892,SIMULATED,True,-1.931236598448162,1931.236598448162
136,1,SKU_A,1,order_moq,0.3555276381909548,1106.7179652675184,-1106.7179652675184,-1.1067179652675183,SIMULATED,False,-1.723093291257316,1723.093291257316
136,2,SKU_B,1,order_moq,0.3555276381909548,457.4856621538687,-457.4856621538687,-0.4574856621538687,SIMULATED,False,-1.723093291257316,1723.093291257316
136,3,SKU_C,1,order_moq,0.3555276381909548,158.88966383592893,-158.88966383592893,-0.15888966383592892,SIMULATED,True,-1.723093291257316,1723.093291257316
137,1,SKU_A,5,reduce_review,0.35075376884422116,1255.1819652675183,-1255.1819652675183,-1.2551819652675182,SIMULATED,False,-1.871557291257316,1871.557291257316
137,2,SKU_B,1,order_moq,0.35075376884422116,457.4856621538687,-457.4856621538687,-0.4574856621538687,SIMULATED,False,-1.871557291257316,1871.557291257316
137,3,SKU_C,1,order_moq,0.35075376884422116,158.88966383592893,-158.88966383592893,-0.15888966383592892,SIMULATED,True,-1.871557291257316,1871.557291257316
138,1,SKU_A,5,reduce_review,0.34597989949748753,1255.1819652675183,-1255.1819652675183,-1.2551819652675182,SIMULATED,False,-1.871557291257316,1871.557291257316
138,2,SKU_B,1,order_moq,0.34597989949748753,457.4856621538687,-457.4856621538687,-0.4574856621538687,SIMULATED,False,-1.871557291257316,1871.557291257316
138,3,SKU_C,1,order_moq,0.34597989949748753,158.88966383592893,-158.88966383592893,-0.15888966383592892,SIMULATED,True,-1.871557291257316,1871.557291257316
139,1,SKU_A,4,expedite,0.3412060301507538,1255.1819652675183,-1255.1819652675183,-1.2551819652675182,SIMULATED,False,-1.9082857839667542,1908.285783966754
139,2,SKU_B,1,order_moq,0.3412060301507538,457.4856621538687,-457.4856621538687,-0.4574856621538687,SIMULATED,False,-1.9082857839667542,1908.285783966754
139,3,SKU_C,5,reduce_review,0.3412060301507538,195.61815654536724,-195.61815654536724,-0.19561815654536724,SIMULATED,True,-1.9082857839667542,1908.285783966754
140,1,SKU_A,1,order_moq,0.33643216080402005,1106.7179652675184,-1106.7179652675184,-1.1067179652675183,SIMULATED,False,-1.723093291257316,1723.093291257316
140,2,SKU_B,1,order_moq,0.33643216080402005,457.4856621538687,-457.4856621538687,-0.4574856621538687,SIMULATED,False,-1.723093291257316,1723.093291257316
140,3,SKU_C,1,order_moq,0.33643216080402005,158.88966383592893,-158.88966383592893,-0.15888966383592892,SIMULATED,True,-1.723093291257316,1723.093291257316
141,1,SKU_A,1,order_moq,0.3316582914572864,1106.7179652675184,-1106.7179652675184,-1.1067179652675183,SIMULATED,False,-1.7598217839667543,1759.821783966754
141,2,SKU_B,1,order_moq,0.3316582914572864,457.4856621538687,-457.4856621538687,-0.4574856621538687,SIMULATED,False,-1.7598217839667543,1759.821783966754
141,3,SKU_C,5,reduce_review,0.3316582914572864,195.61815654536724,-195.61815654536724,-0.19561815654536724,SIMULATED,True,-1.7598217839667543,1759.821783966754
142,1,SKU_A,1,order_moq,0.3268844221105528,1106.7179652675184,-1106.7179652675184,-1.1067179652675183,SIMULATED,False,-1.723093291257316,1723.093291257316
142,2,SKU_B,1,order_moq,0.3268844221105528,457.4856621538687,-457.4856621538687,-0.4574856621538687,SIMULATED,False,-1.723093291257316,1723.093291257316
142,3,SKU_C,1,order_moq,0.3268844221105528,158.88966383592893,-158.88966383592893,-0.15888966383592892,SIMULATED,True,-1.723093291257316,1723.093291257316
143,1,SKU_A,1,order_moq,0.32211055276381917,1106.7179652675184,-1106.7179652675184,-1.1067179652675183,SIMULATED,False,-1.931236598448162,1931.236598448162
143,2,SKU_B,5,reduce_review,0.32211055276381917,665.6289693447147,-665.6289693447147,-0.6656289693447147,SIMULATED,False,-1.931236598448162,1931.236598448162
143,3,SKU_C,1,order_moq,0.32211055276381917,158.88966383592893,-158.88966383592893,-0.15888966383592892,SIMULATED,True,-1.931236598448162,1931.236598448162
144,1,SKU_A,1,order_moq,0.31733668341708543,1106.7179652675184,-1106.7179652675184,-1.1067179652675183,SIMULATED,False,-1.723093291257316,1723.093291257316
144,2,SKU_B,1,order_moq,0.31733668341708543,457.4856621538687,-457.4856621538687,-0.4574856621538687,SIMULATED,False,-1.723093291257316,1723.093291257316
144,3,SKU_C,1,order_moq,0.31733668341708543,158.88966383592893,-158.88966383592893,-0.15888966383592892,SIMULATED,True,-1.723093291257316,1723.093291257316
145,1,SKU_A,1,order_moq,0.3125628140703518,1106.7179652675184,-1106.7179652675184,-1.1067179652675183,SIMULATED,False,-1.723093291257316,1723.093291257316
145,2,SKU_B,1,order_moq,0.3125628140703518,457.4856621538687,-457.4856621538687,-0.4574856621538687,SIMULATED,False,-1.723093291257316,1723.093291257316
145,3,SKU_C,1,order_moq,0.3125628140703518,158.88966383592893,-158.88966383592893,-0.15888966383592892,SIMULATED,True,-1.723093291257316,1723.093291257316
146,1,SKU_A,1,order_moq,0.30778894472361806,1106.7179652675184,-1106.7179652675184,-1.1067179652675183,SIMULATED,False,-1.723093291257316,1723.093291257316
146,2,SKU_B,1,order_moq,0.30778894472361806,457.4856621538687,-457.4856621538687,-0.4574856621538687,SIMULATED,False,-1.723093291257316,1723.093291257316
146,3,SKU_C,1,order_moq,0.30778894472361806,158.88966383592893,-158.88966383592893,-0.15888966383592892,SIMULATED,True,-1.723093291257316,1723.093291257316
147,1,SKU_A,1,order_moq,0.30301507537688455,1106.7179652675184,-1106.7179652675184,-1.1067179652675183,SIMULATED,False,-1.723093291257316,1723.093291257316
147,2,SKU_B,1,order_moq,0.30301507537688455,457.4856621538687,-457.4856621538687,-0.4574856621538687,SIMULATED,False,-1.723093291257316,1723.093291257316
147,3,SKU_C,1,order_moq,0.30301507537688455,158.88966383592893,-158.88966383592893,-0.15888966383592892,SIMULATED,True,-1.723093291257316,1723.093291257316
148,1,SKU_A,1,order_moq,0.2982412060301508,1106.7179652675184,-1106.7179652675184,-1.1067179652675183,SIMULATED,False,-1.931236598448162,1931.236598448162
148,2,SKU_B,0,hold,0.2982412060301508,665.6289693447147,-665.6289693447147,-0.6656289693447147,SIMULATED,False,-1.931236598448162,1931.236598448162
148,3,SKU_C,1,order_moq,0.2982412060301508,158.88966383592893,-158.88966383592893,-0.15888966383592892,SIMULATED,True,-1.931236598448162,1931.236598448162
149,1,SKU_A,0,hold,0.29346733668341707,1255.1819652675183,-1255.1819652675183,-1.2551819652675182,SIMULATED,False,-2.0797005984481616,2079.700598448162
149,2,SKU_B,2,order_1w_cover,0.29346733668341707,665.6289693447147,-665.6289693447147,-0.6656289693447147,SIMULATED,False,-2.0797005984481616,2079.700598448162
149,3,SKU_C,1,order_moq,0.29346733668341707,158.88966383592893,-158.88966383592893,-0.15888966383592892,SIMULATED,True,-2.0797005984481616,2079.700598448162
150,1,SKU_A,1,order_moq,0.28869346733668344,1106.7179652675184,-1106.7179652675184,-1.1067179652675183,SIMULATED,False,-1.723093291257316,1723.093291257316
150,2,SKU_B,1,order_moq,0.28869346733668344,457.4856621538687,-457.4856621538687,-0.4574856621538687,SIMULATED,False,-1.723093291257316,1723.093291257316
150,3,SKU_C,1,order_moq,0.28869346733668344,158.88966383592893,-158.88966383592893,-0.15888966383592892,SIMULATED,True,-1.723093291257316,1723.093291257316
151,1,SKU_A,1,order_moq,0.2839195979899497,1106.7179652675184,-1106.7179652675184,-1.1067179652675183,SIMULATED,False,-1.7598217839667543,1759.821783966754
151,2,SKU_B,1,order_moq,0.2839195979899497,457.4856621538687,-457.4856621538687,-0.4574856621538687,SIMULATED,False,-1.7598217839667543,1759.821783966754
151,3,SKU_C,0,hold,0.2839195979899497,195.61815654536724,-195.61815654536724,-0.19561815654536724,SIMULATED,True,-1.7598217839667543,1759.821783966754
152,1,SKU_A,1,order_moq,0.2791457286432162,1106.7179652675184,-1106.7179652675184,-1.1067179652675183,SIMULATED,False,-1.723093291257316,1723.093291257316
152,2,SKU_B,1,order_moq,0.2791457286432162,457.4856621538687,-457.4856621538687,-0.4574856621538687,SIMULATED,False,-1.723093291257316,1723.093291257316
152,3,SKU_C,1,order_moq,0.2791457286432162,158.88966383592893,-158.88966383592893,-0.15888966383592892,SIMULATED,True,-1.723093291257316,1723.093291257316
153,1,SKU_A,1,order_moq,0.27437185929648245,1106.7179652675184,-1106.7179652675184,-1.1067179652675183,SIMULATED,False,-1.723093291257316,1723.093291257316
153,2,SKU_B,1,order_moq,0.27437185929648245,457.4856621538687,-457.4856621538687,-0.4574856621538687,SIMULATED,False,-1.723093291257316,1723.093291257316
153,3,SKU_C,1,order_moq,0.27437185929648245,158.88966383592893,-158.88966383592893,-0.15888966383592892,SIMULATED,True,-1.723093291257316,1723.093291257316
154,1,SKU_A,1,order_moq,0.2695979899497488,1106.7179652675184,-1106.7179652675184,-1.1067179652675183,SIMULATED,False,-1.723093291257316,1723.093291257316
154,2,SKU_B,1,order_moq,0.2695979899497488,457.4856621538687,-457.4856621538687,-0.4574856621538687,SIMULATED,False,-1.723093291257316,1723.093291257316
154,3,SKU_C,1,order_moq,0.2695979899497488,158.88966383592893,-158.88966383592893,-0.15888966383592892,SIMULATED,True,-1.723093291257316,1723.093291257316
155,1,SKU_A,1,order_moq,0.2648241206030151,1106.7179652675184,-1106.7179652675184,-1.1067179652675183,SIMULATED,False,-1.7598217839667543,1759.821783966754
155,2,SKU_B,1,order_moq,0.2648241206030151,457.4856621538687,-457.4856621538687,-0.4574856621538687,SIMULATED,False,-1.7598217839667543,1759.821783966754
155,3,SKU_C,4,expedite,0.2648241206030151,195.61815654536724,-195.61815654536724,-0.19561815654536724,SIMULATED,True,-1.7598217839667543,1759.821783966754
156,1,SKU_A,1,order_moq,0.26005025125628145,1106.7179652675184,-1106.7179652675184,-1.1067179652675183,SIMULATED,False,-1.723093291257316,1723.093291257316
156,2,SKU_B,1,order_moq,0.26005025125628145,457.4856621538687,-457.4856621538687,-0.4574856621538687,SIMULATED,False,-1.723093291257316,1723.093291257316
156,3,SKU_C,1,order_moq,0.26005025125628145,158.88966383592893,-158.88966383592893,-0.15888966383592892,SIMULATED,True,-1.723093291257316,1723.093291257316
157,1,SKU_A,1,order_moq,0.2552763819095478,1106.7179652675184,-1106.7179652675184,-1.1067179652675183,SIMULATED,False,-1.723093291257316,1723.093291257316
157,2,SKU_B,1,order_moq,0.2552763819095478,457.4856621538687,-457.4856621538687,-0.4574856621538687,SIMULATED,False,-1.723093291257316,1723.093291257316
157,3,SKU_C,1,order_moq,0.2552763819095478,158.88966383592893,-158.88966383592893,-0.15888966383592892,SIMULATED,True,-1.723093291257316,1723.093291257316
158,1,SKU_A,1,order_moq,0.2505025125628141,1106.7179652675184,-1106.7179652675184,-1.1067179652675183,SIMULATED,False,-1.723093291257316,1723.093291257316
158,2,SKU_B,1,order_moq,0.2505025125628141,457.4856621538687,-457.4856621538687,-0.4574856621538687,SIMULATED,False,-1.723093291257316,1723.093291257316
158,3,SKU_C,1,order_moq,0.2505025125628141,158.88966383592893,-158.88966383592893,-0.15888966383592892,SIMULATED,True,-1.723093291257316,1723.093291257316
159,1,SKU_A,1,order_moq,0.24572864321608046,1106.7179652675184,-1106.7179652675184,-1.1067179652675183,SIMULATED,False,-1.723093291257316,1723.093291257316
159,2,SKU_B,1,order_moq,0.24572864321608046,457.4856621538687,-457.4856621538687,-0.4574856621538687,SIMULATED,False,-1.723093291257316,1723.093291257316
159,3,SKU_C,1,order_moq,0.24572864321608046,158.88966383592893,-158.88966383592893,-0.15888966383592892,SIMULATED,True,-1.723093291257316,1723.093291257316
160,1,SKU_A,1,order_moq,0.24095477386934672,1106.7179652675184,-1106.7179652675184,-1.1067179652675183,SIMULATED,False,-1.723093291257316,1723.093291257316
160,2,SKU_B,1,order_moq,0.24095477386934672,457.4856621538687,-457.4856621538687,-0.4574856621538687,SIMULATED,False,-1.723093291257316,1723.093291257316
160,3,SKU_C,1,order_moq,0.24095477386934672,158.88966383592893,-158.88966383592893,-0.15888966383592892,SIMULATED,True,-1.723093291257316,1723.093291257316
161,1,SKU_A,1,order_moq,0.2361809045226131,1106.7179652675184,-1106.7179652675184,-1.1067179652675183,SIMULATED,False,-1.723093291257316,1723.093291257316
161,2,SKU_B,1,order_moq,0.2361809045226131,457.4856621538687,-457.4856621538687,-0.4574856621538687,SIMULATED,False,-1.723093291257316,1723.093291257316
161,3,SKU_C,1,order_moq,0.2361809045226131,158.88966383592893,-158.88966383592893,-0.15888966383592892,SIMULATED,True,-1.723093291257316,1723.093291257316
162,1,SKU_A,0,hold,0.23140703517587946,1255.1819652675183,-1255.1819652675183,-1.2551819652675182,SIMULATED,False,-1.871557291257316,1871.557291257316
162,2,SKU_B,1,order_moq,0.23140703517587946,457.4856621538687,-457.4856621538687,-0.4574856621538687,SIMULATED,False,-1.871557291257316,1871.557291257316
162,3,SKU_C,1,order_moq,0.23140703517587946,158.88966383592893,-158.88966383592893,-0.15888966383592892,SIMULATED,True,-1.871557291257316,1871.557291257316
163,1,SKU_A,1,order_moq,0.22663316582914583,1106.7179652675184,-1106.7179652675184,-1.1067179652675183,SIMULATED,False,-1.7598217839667543,1759.821783966754
163,2,SKU_B,1,order_moq,0.22663316582914583,457.4856621538687,-457.4856621538687,-0.4574856621538687,SIMULATED,False,-1.7598217839667543,1759.821783966754
163,3,SKU_C,0,hold,0.22663316582914583,195.61815654536724,-195.61815654536724,-0.19561815654536724,SIMULATED,True,-1.7598217839667543,1759.821783966754
164,1,SKU_A,2,order_1w_cover,0.2218592964824121,1255.1819652675183,-1255.1819652675183,-1.2551819652675182,SIMULATED,False,-2.0797005984481616,2079.700598448162
164,2,SKU_B,5,reduce_review,0.2218592964824121,665.6289693447147,-665.6289693447147,-0.6656289693447147,SIMULATED,False,-2.0797005984481616,2079.700598448162
164,3,SKU_C,1,order_moq,0.2218592964824121,158.88966383592893,-158.88966383592893,-0.15888966383592892,SIMULATED,True,-2.0797005984481616,2079.700598448162
165,1,SKU_A,1,order_moq,0.21708542713567847,1106.7179652675184,-1106.7179652675184,-1.1067179652675183,SIMULATED,False,-1.723093291257316,1723.093291257316
165,2,SKU_B,1,order_moq,0.21708542713567847,457.4856621538687,-457.4856621538687,-0.4574856621538687,SIMULATED,False,-1.723093291257316,1723.093291257316
165,3,SKU_C,1,order_moq,0.21708542713567847,158.88966383592893,-158.88966383592893,-0.15888966383592892,SIMULATED,True,-1.723093291257316,1723.093291257316
166,1,SKU_A,1,order_moq,0.21231155778894473,1106.7179652675184,-1106.7179652675184,-1.1067179652675183,SIMULATED,False,-1.931236598448162,1931.236598448162
166,2,SKU_B,4,expedite,0.21231155778894473,665.6289693447147,-665.6289693447147,-0.6656289693447147,SIMULATED,False,-1.931236598448162,1931.236598448162
166,3,SKU_C,1,order_moq,0.21231155778894473,158.88966383592893,-158.88966383592893,-0.15888966383592892,SIMULATED,True,-1.931236598448162,1931.236598448162
167,1,SKU_A,1,order_moq,0.2075376884422111,1106.7179652675184,-1106.7179652675184,-1.1067179652675183,SIMULATED,False,-1.7598217839667543,1759.821783966754
167,2,SKU_B,1,order_moq,0.2075376884422111,457.4856621538687,-457.4856621538687,-0.4574856621538687,SIMULATED,False,-1.7598217839667543,1759.821783966754
167,3,SKU_C,5,reduce_review,0.2075376884422111,195.61815654536724,-195.61815654536724,-0.19561815654536724,SIMULATED,True,-1.7598217839667543,1759.821783966754
168,1,SKU_A,1,order_moq,0.20276381909547747,1106.7179652675184,-1106.7179652675184,-1.1067179652675183,SIMULATED,False,-1001.2646076291035,1001264.6076291034
168,2,SKU_B,3,order_2w_cover,0.20276381909547747,999999.0,-999999.0,-999.999,SKIPPED_GATE_FAIL,False,-1001.2646076291035,1001264.6076291034
168,3,SKU_C,1,order_moq,0.20276381909547747,158.88966383592893,-158.88966383592893,-0.15888966383592892,SIMULATED,True,-1001.2646076291035,1001264.6076291034
169,1,SKU_A,1,order_moq,0.19798994974874373,1106.7179652675184,-1106.7179652675184,-1.1067179652675183,SIMULATED,False,-1.723093291257316,1723.093291257316
169,2,SKU_B,1,order_moq,0.19798994974874373,457.4856621538687,-457.4856621538687,-0.4574856621538687,SIMULATED,False,-1.723093291257316,1723.093291257316
169,3,SKU_C,1,order_moq,0.19798994974874373,158.88966383592893,-158.88966383592893,-0.15888966383592892,SIMULATED,True,-1.723093291257316,1723.093291257316
170,1,SKU_A,1,order_moq,0.1932160804020101,1106.7179652675184,-1106.7179652675184,-1.1067179652675183,SIMULATED,False,-1.723093291257316,1723.093291257316
170,2,SKU_B,1,order_moq,0.1932160804020101,457.4856621538687,-457.4856621538687,-0.4574856621538687,SIMULATED,False,-1.723093291257316,1723.093291257316
170,3,SKU_C,1,order_moq,0.1932160804020101,158.88966383592893,-158.88966383592893,-0.15888966383592892,SIMULATED,True,-1.723093291257316,1723.093291257316
171,1,SKU_A,1,order_moq,0.18844221105527637,1106.7179652675184,-1106.7179652675184,-1.1067179652675183,SIMULATED,False,-1.723093291257316,1723.093291257316
171,2,SKU_B,1,order_moq,0.18844221105527637,457.4856621538687,-457.4856621538687,-0.4574856621538687,SIMULATED,False,-1.723093291257316,1723.093291257316
171,3,SKU_C,1,order_moq,0.18844221105527637,158.88966383592893,-158.88966383592893,-0.15888966383592892,SIMULATED,True,-1.723093291257316,1723.093291257316
172,1,SKU_A,1,order_moq,0.18366834170854285,1106.7179652675184,-1106.7179652675184,-1.1067179652675183,SIMULATED,False,-1.723093291257316,1723.093291257316
172,2,SKU_B,1,order_moq,0.18366834170854285,457.4856621538687,-457.4856621538687,-0.4574856621538687,SIMULATED,False,-1.723093291257316,1723.093291257316
172,3,SKU_C,1,order_moq,0.18366834170854285,158.88966383592893,-158.88966383592893,-0.15888966383592892,SIMULATED,True,-1.723093291257316,1723.093291257316
173,1,SKU_A,4,expedite,0.1788944723618091,1255.1819652675183,-1255.1819652675183,-1.2551819652675182,SIMULATED,False,-1.871557291257316,1871.557291257316
173,2,SKU_B,1,order_moq,0.1788944723618091,457.4856621538687,-457.4856621538687,-0.4574856621538687,SIMULATED,False,-1.871557291257316,1871.557291257316
173,3,SKU_C,1,order_moq,0.1788944723618091,158.88966383592893,-158.88966383592893,-0.15888966383592892,SIMULATED,True,-1.871557291257316,1871.557291257316
174,1,SKU_A,1,order_moq,0.17412060301507537,1106.7179652675184,-1106.7179652675184,-1.1067179652675183,SIMULATED,False,-1.723093291257316,1723.093291257316
174,2,SKU_B,1,order_moq,0.17412060301507537,457.4856621538687,-457.4856621538687,-0.4574856621538687,SIMULATED,False,-1.723093291257316,1723.093291257316
174,3,SKU_C,1,order_moq,0.17412060301507537,158.88966383592893,-158.88966383592893,-0.15888966383592892,SIMULATED,True,-1.723093291257316,1723.093291257316
175,1,SKU_A,2,order_1w_cover,0.16934673366834174,1255.1819652675183,-1255.1819652675183,-1.2551819652675182,SIMULATED,False,-1.871557291257316,1871.557291257316
175,2,SKU_B,1,order_moq,0.16934673366834174,457.4856621538687,-457.4856621538687,-0.4574856621538687,SIMULATED,False,-1.871557291257316,1871.557291257316
175,3,SKU_C,1,order_moq,0.16934673366834174,158.88966383592893,-158.88966383592893,-0.15888966383592892,SIMULATED,True,-1.871557291257316,1871.557291257316
176,1,SKU_A,1,order_moq,0.164572864321608,1106.7179652675184,-1106.7179652675184,-1.1067179652675183,SIMULATED,False,-1.723093291257316,1723.093291257316
176,2,SKU_B,1,order_moq,0.164572864321608,457.4856621538687,-457.4856621538687,-0.4574856621538687,SIMULATED,False,-1.723093291257316,1723.093291257316
176,3,SKU_C,1,order_moq,0.164572864321608,158.88966383592893,-158.88966383592893,-0.15888966383592892,SIMULATED,True,-1.723093291257316,1723.093291257316
177,1,SKU_A,1,order_moq,0.15979899497487438,1106.7179652675184,-1106.7179652675184,-1.1067179652675183,SIMULATED,False,-1.7598217839667543,1759.821783966754
177,2,SKU_B,1,order_moq,0.15979899497487438,457.4856621538687,-457.4856621538687,-0.4574856621538687,SIMULATED,False,-1.7598217839667543,1759.821783966754
177,3,SKU_C,0,hold,0.15979899497487438,195.61815654536724,-195.61815654536724,-0.19561815654536724,SIMULATED,True,-1.7598217839667543,1759.821783966754
178,1,SKU_A,2,order_1w_cover,0.15502512562814075,1255.1819652675183,-1255.1819652675183,-1.2551819652675182,SIMULATED,False,-1.871557291257316,1871.557291257316
178,2,SKU_B,1,order_moq,0.15502512562814075,457.4856621538687,-457.4856621538687,-0.4574856621538687,SIMULATED,False,-1.871557291257316,1871.557291257316
178,3,SKU_C,1,order_moq,0.15502512562814075,158.88966383592893,-158.88966383592893,-0.15888966383592892,SIMULATED,True,-1.871557291257316,1871.557291257316
179,1,SKU_A,1,order_moq,0.15025125628140712,1106.7179652675184,-1106.7179652675184,-1.1067179652675183,SIMULATED,False,-1.723093291257316,1723.093291257316
179,2,SKU_B,1,order_moq,0.15025125628140712,457.4856621538687,-457.4856621538687,-0.4574856621538687,SIMULATED,False,-1.723093291257316,1723.093291257316
179,3,SKU_C,1,order_moq,0.15025125628140712,158.88966383592893,-158.88966383592893,-0.15888966383592892,SIMULATED,True,-1.723093291257316,1723.093291257316
180,1,SKU_A,1,order_moq,0.14547738693467338,1106.7179652675184,-1106.7179652675184,-1.1067179652675183,SIMULATED,False,-1.723093291257316,1723.093291257316
180,2,SKU_B,1,order_moq,0.14547738693467338,457.4856621538687,-457.4856621538687,-0.4574856621538687,SIMULATED,False,-1.723093291257316,1723.093291257316
180,3,SKU_C,1,order_moq,0.14547738693467338,158.88966383592893,-158.88966383592893,-0.15888966383592892,SIMULATED,True,-1.723093291257316,1723.093291257316
181,1,SKU_A,1,order_moq,0.14070351758793975,1106.7179652675184,-1106.7179652675184,-1.1067179652675183,SIMULATED,False,-1.723093291257316,1723.093291257316
181,2,SKU_B,1,order_moq,0.14070351758793975,457.4856621538687,-457.4856621538687,-0.4574856621538687,SIMULATED,False,-1.723093291257316,1723.093291257316
181,3,SKU_C,1,order_moq,0.14070351758793975,158.88966383592893,-158.88966383592893,-0.15888966383592892,SIMULATED,True,-1.723093291257316,1723.093291257316
182,1,SKU_A,1,order_moq,0.135929648241206,1106.7179652675184,-1106.7179652675184,-1.1067179652675183,SIMULATED,False,-1.723093291257316,1723.093291257316
182,2,SKU_B,1,order_moq,0.135929648241206,457.4856621538687,-457.4856621538687,-0.4574856621538687,SIMULATED,False,-1.723093291257316,1723.093291257316
182,3,SKU_C,1,order_moq,0.135929648241206,158.88966383592893,-158.88966383592893,-0.15888966383592892,SIMULATED,True,-1.723093291257316,1723.093291257316
183,1,SKU_A,1,order_moq,0.13115577889447239,1106.7179652675184,-1106.7179652675184,-1.1067179652675183,SIMULATED,False,-1.723093291257316,1723.093291257316
183,2,SKU_B,1,order_moq,0.13115577889447239,457.4856621538687,-457.4856621538687,-0.4574856621538687,SIMULATED,False,-1.723093291257316,1723.093291257316
183,3,SKU_C,1,order_moq,0.13115577889447239,158.88966383592893,-158.88966383592893,-0.15888966383592892,SIMULATED,True,-1.723093291257316,1723.093291257316
184,1,SKU_A,1,order_moq,0.12638190954773876,1106.7179652675184,-1106.7179652675184,-1.1067179652675183,SIMULATED,False,-1.723093291257316,1723.093291257316
184,2,SKU_B,1,order_moq,0.12638190954773876,457.4856621538687,-457.4856621538687,-0.4574856621538687,SIMULATED,False,-1.723093291257316,1723.093291257316
184,3,SKU_C,1,order_moq,0.12638190954773876,158.88966383592893,-158.88966383592893,-0.15888966383592892,SIMULATED,True,-1.723093291257316,1723.093291257316
185,1,SKU_A,1,order_moq,0.12160804020100502,1106.7179652675184,-1106.7179652675184,-1.1067179652675183,SIMULATED,False,-1.723093291257316,1723.093291257316
185,2,SKU_B,1,order_moq,0.12160804020100502,457.4856621538687,-457.4856621538687,-0.4574856621538687,SIMULATED,False,-1.723093291257316,1723.093291257316
185,3,SKU_C,1,order_moq,0.12160804020100502,158.88966383592893,-158.88966383592893,-0.15888966383592892,SIMULATED,True,-1.723093291257316,1723.093291257316
186,1,SKU_A,1,order_moq,0.11683417085427139,1106.7179652675184,-1106.7179652675184,-1.1067179652675183,SIMULATED,False,-1.723093291257316,1723.093291257316
186,2,SKU_B,1,order_moq,0.11683417085427139,457.4856621538687,-457.4856621538687,-0.4574856621538687,SIMULATED,False,-1.723093291257316,1723.093291257316
186,3,SKU_C,1,order_moq,0.11683417085427139,158.88966383592893,-158.88966383592893,-0.15888966383592892,SIMULATED,True,-1.723093291257316,1723.093291257316
187,1,SKU_A,1,order_moq,0.11206030150753765,1106.7179652675184,-1106.7179652675184,-1.1067179652675183,SIMULATED,False,-1.723093291257316,1723.093291257316
187,2,SKU_B,1,order_moq,0.11206030150753765,457.4856621538687,-457.4856621538687,-0.4574856621538687,SIMULATED,False,-1.723093291257316,1723.093291257316
187,3,SKU_C,1,order_moq,0.11206030150753765,158.88966383592893,-158.88966383592893,-0.15888966383592892,SIMULATED,True,-1.723093291257316,1723.093291257316
188,1,SKU_A,1,order_moq,0.10728643216080413,1106.7179652675184,-1106.7179652675184,-1.1067179652675183,SIMULATED,False,-1.723093291257316,1723.093291257316
188,2,SKU_B,1,order_moq,0.10728643216080413,457.4856621538687,-457.4856621538687,-0.4574856621538687,SIMULATED,False,-1.723093291257316,1723.093291257316
188,3,SKU_C,1,order_moq,0.10728643216080413,158.88966383592893,-158.88966383592893,-0.15888966383592892,SIMULATED,True,-1.723093291257316,1723.093291257316
189,1,SKU_A,1,order_moq,0.1025125628140704,1106.7179652675184,-1106.7179652675184,-1.1067179652675183,SIMULATED,False,-1.723093291257316,1723.093291257316
189,2,SKU_B,1,order_moq,0.1025125628140704,457.4856621538687,-457.4856621538687,-0.4574856621538687,SIMULATED,False,-1.723093291257316,1723.093291257316
189,3,SKU_C,1,order_moq,0.1025125628140704,158.88966383592893,-158.88966383592893,-0.15888966383592892,SIMULATED,True,-1.723093291257316,1723.093291257316
190,1,SKU_A,1,order_moq,0.09773869346733677,1106.7179652675184,-1106.7179652675184,-1.1067179652675183,SIMULATED,False,-1.723093291257316,1723.093291257316
190,2,SKU_B,1,order_moq,0.09773869346733677,457.4856621538687,-457.4856621538687,-0.4574856621538687,SIMULATED,False,-1.723093291257316,1723.093291257316
190,3,SKU_C,1,order_moq,0.09773869346733677,158.88966383592893,-158.88966383592893,-0.15888966383592892,SIMULATED,True,-1.723093291257316,1723.093291257316
191,1,SKU_A,1,order_moq,0.09296482412060303,1106.7179652675184,-1106.7179652675184,-1.1067179652675183,SIMULATED,False,-1.7598217839667543,1759.821783966754
191,2,SKU_B,1,order_moq,0.09296482412060303,457.4856621538687,-457.4856621538687,-0.4574856621538687,SIMULATED,False,-1.7598217839667543,1759.821783966754
191,3,SKU_C,2,order_1w_cover,0.09296482412060303,195.61815654536724,-195.61815654536724,-0.19561815654536724,SIMULATED,True,-1.7598217839667543,1759.821783966754
192,1,SKU_A,1,order_moq,0.08819095477386929,1106.7179652675184,-1106.7179652675184,-1.1067179652675183,SIMULATED,False,-1.7598217839667543,1759.821783966754
192,2,SKU_B,1,order_moq,0.08819095477386929,457.4856621538687,-457.4856621538687,-0.4574856621538687,SIMULATED,False,-1.7598217839667543,1759.821783966754
192,3,SKU_C,0,hold,0.08819095477386929,195.61815654536724,-195.61815654536724,-0.19561815654536724,SIMULATED,True,-1.7598217839667543,1759.821783966754
193,1,SKU_A,1,order_moq,0.08341708542713577,1106.7179652675184,-1106.7179652675184,-1.1067179652675183,SIMULATED,False,-1.723093291257316,1723.093291257316
193,2,SKU_B,1,order_moq,0.08341708542713577,457.4856621538687,-457.4856621538687,-0.4574856621538687,SIMULATED,False,-1.723093291257316,1723.093291257316
193,3,SKU_C,1,order_moq,0.08341708542713577,158.88966383592893,-158.88966383592893,-0.15888966383592892,SIMULATED,True,-1.723093291257316,1723.093291257316
194,1,SKU_A,1,order_moq,0.07864321608040203,1106.7179652675184,-1106.7179652675184,-1.1067179652675183,SIMULATED,False,-1.931236598448162,1931.236598448162
194,2,SKU_B,5,reduce_review,0.07864321608040203,665.6289693447147,-665.6289693447147,-0.6656289693447147,SIMULATED,False,-1.931236598448162,1931.236598448162
194,3,SKU_C,1,order_moq,0.07864321608040203,158.88966383592893,-158.88966383592893,-0.15888966383592892,SIMULATED,True,-1.931236598448162,1931.236598448162
195,1,SKU_A,0,hold,0.0738693467336684,1255.1819652675183,-1255.1819652675183,-1.2551819652675182,SIMULATED,False,-1.871557291257316,1871.557291257316
195,2,SKU_B,1,order_moq,0.0738693467336684,457.4856621538687,-457.4856621538687,-0.4574856621538687,SIMULATED,False,-1.871557291257316,1871.557291257316
195,3,SKU_C,1,order_moq,0.0738693467336684,158.88966383592893,-158.88966383592893,-0.15888966383592892,SIMULATED,True,-1.871557291257316,1871.557291257316
196,1,SKU_A,1,order_moq,0.06909547738693467,1106.7179652675184,-1106.7179652675184,-1.1067179652675183,SIMULATED,False,-1.723093291257316,1723.093291257316
196,2,SKU_B,1,order_moq,0.06909547738693467,457.4856621538687,-457.4856621538687,-0.4574856621538687,SIMULATED,False,-1.723093291257316,1723.093291257316
196,3,SKU_C,1,order_moq,0.06909547738693467,158.88966383592893,-158.88966383592893,-0.15888966383592892,SIMULATED,True,-1.723093291257316,1723.093291257316
197,1,SKU_A,1,order_moq,0.06432160804020104,1106.7179652675184,-1106.7179652675184,-1.1067179652675183,SIMULATED,False,-1.7598217839667543,1759.821783966754
197,2,SKU_B,1,order_moq,0.06432160804020104,457.4856621538687,-457.4856621538687,-0.4574856621538687,SIMULATED,False,-1.7598217839667543,1759.821783966754
197,3,SKU_C,0,hold,0.06432160804020104,195.61815654536724,-195.61815654536724,-0.19561815654536724,SIMULATED,True,-1.7598217839667543,1759.821783966754
198,1,SKU_A,1,order_moq,0.05954773869346741,1106.7179652675184,-1106.7179652675184,-1.1067179652675183,SIMULATED,False,-1.723093291257316,1723.093291257316
198,2,SKU_B,1,order_moq,0.05954773869346741,457.4856621538687,-457.4856621538687,-0.4574856621538687,SIMULATED,False,-1.723093291257316,1723.093291257316
198,3,SKU_C,1,order_moq,0.05954773869346741,158.88966383592893,-158.88966383592893,-0.15888966383592892,SIMULATED,True,-1.723093291257316,1723.093291257316
199,1,SKU_A,1,order_moq,0.05477386934673378,1106.7179652675184,-1106.7179652675184,-1.1067179652675183,SIMULATED,False,-1.723093291257316,1723.093291257316
199,2,SKU_B,1,order_moq,0.05477386934673378,457.4856621538687,-457.4856621538687,-0.4574856621538687,SIMULATED,False,-1.723093291257316,1723.093291257316
199,3,SKU_C,1,order_moq,0.05477386934673378,158.88966383592893,-158.88966383592893,-0.15888966383592892,SIMULATED,True,-1.723093291257316,1723.093291257316
200,1,SKU_A,1,order_moq,0.050000000000000044,1106.7179652675184,-1106.7179652675184,-1.1067179652675183,SIMULATED,False,-1.723093291257316,1723.093291257316
200,2,SKU_B,1,order_moq,0.050000000000000044,457.4856621538687,-457.4856621538687,-0.4574856621538687,SIMULATED,False,-1.723093291257316,1723.093291257316
200,3,SKU_C,1,order_moq,0.050000000000000044,158.88966383592893,-158.88966383592893,-0.15888966383592892,SIMULATED,True,-1.723093291257316,1723.093291257316
